referenceDesignator,deployNum,deployYear,imageFile,imageSerialNumber,imageAssetID,notes
CE02SHBP-LJ01D-05-ADCPTB104,7,2020,IMG_4469.HEIC,19003,ATOSU-69826-00002,
CE02SHBP-LJ01D-05-ADCPTB104,9,2022,/Volumes/Data0/Archive/Cruise_data/RCA/Visions_23/ship/cruiseshare/For_Science/Mitch/Equipment_photos/MJ01C/LJ01D_2022/ADCPTB104_2022/ADCPTB104_20230822_105037_recovered.JPG,19003,ATOSU-69826-00002,
CE02SHBP-LJ01D-05-ADCPTB104,10,2023,/Volumes/Data0/Archive/Cruise_data/RCA/Visions_23/ship/cruiseshare/For_Science/Mitch/Equipment_photos/MJ01C/LJ01D_2023/ADCPTB104_2023/ADCPTB104_20230814_004945_predeploy.JPG,18493,ATOSU-69826-00001,
CE02SHBP-LJ01D-06-CTDBPN106,7,2020,IMG_4466.HEIC,7230,ATOSU-69827-00001,
CE02SHBP-LJ01D-06-CTDBPN106,9,2022,/Volumes/Data0/Archive/Cruise_data/RCA/Visions_23/ship/cruiseshare/For_Science/Mitch/Equipment_photos/MJ01C/LJ01D_2022/CTDBPN106_2022/CTDBPN106_20230822_104849_recovered.JPG,-7248,ATOSU-69827-00003,
CE02SHBP-LJ01D-06-CTDBPN106,10,2023,/Volumes/Data0/Archive/Cruise_data/RCA/Visions_23/ship/cruiseshare/For_Science/Mitch/Equipment_photos/MJ01C/LJ01D_2023/CTDBPN106_2023/CTDBPN106_20230814_004546_predeploy.JPG,16-50114,ATOSU-69827-00002,
CE02SHBP-LJ01D-06-DOSTAD106,7,2020,IMG_4467.HEIC,216,ATOSU-58320-00020,
CE02SHBP-LJ01D-06-DOSTAD106,9,2022,/Volumes/Data0/Archive/Cruise_data/RCA/Visions_23/ship/cruiseshare/For_Science/Mitch/Equipment_photos/MJ01C/LJ01D_2022/DOSTAD106_2022/DOSTAD106_20230822_105002_recovered.JPG,216,ATOSU-58320-00020,
CE02SHBP-LJ01D-06-DOSTAD106,10,2023,/Volumes/Data0/Archive/Cruise_data/RCA/Visions_23/ship/cruiseshare/For_Science/Mitch/Equipment_photos/MJ01C/LJ01D_2023/DOSTAD106_2023/DOSTAD106_20230814_004615_predeploy.JPG,311,ATOSU-58320-00019,
CE02SHBP-LJ01D-06-DOSTAD106,12,2025,Data0/Archive/Cruise_data/RCA/Visions_25/cruiseshare/Mitch/equipment_photos/PN1D/LJ01D/LJ01D_2025/DOSTAD106_2025/,311,ATOSU-58320-00019,
CE02SHBP-LJ01D-06-DOSTAD106,13,2026,/Volumes/Data0/Archive/Images/Equipment_Photos/VISIONS26/PN1D/LJ01D/LJ01D_2026/DOSTAD106_2026/DOSTAD106_20260808_204358_predeploy.JPG,216,ATOSU-58320-00020,
CE02SHBP-LJ01D-07-VEL3DC108,7,2020,IMG_4468.HEIC,"50,078,167",ATOSU-69829-00003,
CE02SHBP-LJ01D-07-VEL3DC108,9,2022,/Volumes/Data0/Archive/Cruise_data/RCA/Visions_23/ship/cruiseshare/For_Science/Mitch/Equipment_photos/MJ01C/LJ01D_2022/VEL3DC108_2022/VEL3DC108_20230822_105728_recovered.JPG,5007/8167,ATOSU-69829-00003,
CE02SHBP-LJ01D-07-VEL3DC108,10,2023,/Volumes/Data0/Archive/Cruise_data/RCA/Visions_23/ship/cruiseshare/For_Science/Mitch/Equipment_photos/MJ01C/LJ01D_2023/VEL3DC108_2023/VEL3DC108_20230814_004902_predeploy.JPG,13934,ATOSU-69829-00001,
CE02SHBP-LJ01D-07-VEL3DC108,13,2026,/Volumes/Data0/Archive/Images/Equipment_Photos/VISIONS26/PN1D/LJ01D/LJ01D_2026/VEL3DC108_2026/VEL3DC108_20260808_204308_predeploy.JPG,8167,ATAPL-69829-00003,
CE02SHBP-LJ01D-08-OPTAAD106,7,2020,IMG_4465.HEIC,169,ATOSU-58332-00009,
CE02SHBP-LJ01D-08-OPTAAD106,9,2022,/Volumes/Data0/Archive/Cruise_data/RCA/Visions_23/ship/cruiseshare/For_Science/Mitch/Equipment_photos/MJ01C/LJ01D_2022/OPTAAD106_2022/OPTAAD106_20230822_104735_recovered.JPG,169,ATOSU-58332-00009,
CE02SHBP-LJ01D-08-OPTAAD106,10,2023,/Volumes/Data0/Archive/Cruise_data/RCA/Visions_23/ship/cruiseshare/For_Science/Mitch/Equipment_photos/MJ01C/LJ01D_2023/OPTAAD106_2023/OPTAAD106_20230814_004343_predeploy.JPG,221,ATOSU-58332-00008,
CE02SHBP-LJ01D-09-PCO2WB103,7,2020,IMG_4464.HEIC,C0080,ATOSU-70570-00002,
CE02SHBP-LJ01D-09-PCO2WB103,9,2022,/Volumes/Data0/Archive/Cruise_data/RCA/Visions_23/ship/cruiseshare/For_Science/Mitch/Equipment_photos/MJ01C/LJ01D_2022/PCO2WB103_2022/PCO2WB103_20230822_105848_recovered.JPG,C0080,ATOSU-70570-00002,
CE02SHBP-LJ01D-09-PCO2WB103,10,2023,/Volumes/Data0/Archive/Cruise_data/RCA/Visions_23/ship/cruiseshare/For_Science/Mitch/Equipment_photos/MJ01C/LJ01D_2023/PCO2WB103_2023/PCO2WB103_20230814_005042_predeploy.JPG,C0116,ATOSU-58336-00007,
CE02SHBP-LJ01D-09-PCO2WB103,12,2025,Data0/Archive/Cruise_data/RCA/Visions_25/cruiseshare/Mitch/equipment_photos/PN1D/LJ01D/LJ01D_2025/PCO2WB103_2025/,C0118,ATOSU-70570-00004,
CE02SHBP-LJ01D-09-PCO2WB103,13,2026,/Volumes/Data0/Archive/Images/Equipment_Photos/VISIONS26/PN1D/LJ01D/LJ01D_2026/PCO2WB103_2026/PCO2WB103_20260808_204501_predeploy.JPG,C0080,ATOSU-70570-00002,
CE02SHBP-LJ01D-10-PHSEND103,7,2020,IMG_4464.HEIC,P0116,ATOSU-70571-00001,
CE02SHBP-LJ01D-10-PHSEND103,9,2022,/Volumes/Data0/Archive/Cruise_data/RCA/Visions_23/ship/cruiseshare/For_Science/Mitch/Equipment_photos/MJ01C/LJ01D_2022/PHSEND103_2022/PHSEND103_20230822_105918_recovered.JPG,P0116,ATOSU-70571-00001,
CE02SHBP-LJ01D-10-PHSEND103,10,2023,/Volumes/Data0/Archive/Cruise_data/RCA/Visions_23/ship/cruiseshare/For_Science/Mitch/Equipment_photos/MJ01C/LJ01D_2023/PHSEND103_2023/PHSEND103_20230814_005008_predeploy.JPG,P0131,ATOSU-58337-00008,
CE02SHBP-LJ01D-10-PHSENH110,1,2025,smb://cruisevideo.ooirsn.uw.edu/Data0/Archive/Images/Equipment_Photos/VISIONS26/PN1D/LJ01D/LJ01D_2025/PHSEND103_2025/PHSEND103_20260809_164925_recovered.JPG,721-2085,ATAPL-91990-00003,from 2026 recovery photos
CE02SHBP-LJ01D-10-PHSENH110,2,2026,/Volumes/Data0/Archive/Images/Equipment_Photos/VISIONS26/PN1D/LJ01D/LJ01D_2026/PHSENH110_2026/PHSENH110_20260808_204144_predeploy.JPG,721-2107,ATAPL-91990-00004,
CE02SHBP-LJ01D-11-HYDBBA106,9,2022,/Volumes/Data0/Archive/Cruise_data/RCA/Visions_23/ship/cruiseshare/For_Science/Mitch/Equipment_photos/MJ01C/LJ01D_2022/HYDBBA106_2022/HYDBBA106_20230822_104438_recovered.JPG,1248,,
CE02SHBP-LJ01D-11-HYDBBA106,10,2023,/Volumes/Data0/Archive/Cruise_data/RCA/Visions_23/ship/cruiseshare/For_Science/Mitch/Equipment_photos/MJ01C/LJ01D_2023/HYDBBA106_2023/HYDBBA106_20230814_004156_predeploy.JPG,141,,
CE02SHBP-LJ01D-11-HYDBBA106,13,2026,/Volumes/Data0/Archive/Images/Equipment_Photos/VISIONS26/PN1D/LJ01D/LJ01D_2026/HYDBBA106_2026/HYDBBA106_20260808_205033_predeploy.JPG,248,ATOSU-58324-00014,sn photo label read ATAPL
CE02SHBP-MJ01C-07-ZPLSCB101,8,2022,smb://cruisevideo.ooirsn.uw.edu/Data0/Archive/Images/Equipment_Photos/VISIONS22/MJ01C/ZPLSCB101_2022/ZPLSCB101_20220818_173424_predeploy.JPG,5,,
CE02SHBP-MJ01C-07-ZPLSCB101,9,2023,/Volumes/Data0/Archive/Cruise_data/RCA/Visions_23/ship/cruiseshare/For_Science/Mitch/Equipment_photos/MJ01C/ZPLSCB101_2023/ZPLSCB101_20230813_213713_predeploy.JPG,2,ATAPL-90485-20002,
CE02SHBP-MJ01C-07-ZPLSCB101,12,2026,smb://cruisevideo.ooirsn.uw.edu/Data0/Archive/Images/Equipment_Photos/VISIONS26/PN1D/ZPLSCB101/ZPLSCB101_2026/20260808_201652.JPG,,ATAPL-90485-20005,
CE02SHBP-MJ01C-08-CAMDSB107,11,2026,smb://cruisevideo.ooirsn.uw.edu/Data0/Archive/Images/Equipment_Photos/VISIONS26/PN1D/CAMDSB107/CAMDSB107_2026/CAMDSB107_20260809_104636_predeploy.JPG,20117,ATAPL-78437-00010,
CE04OSBP-LJ01C-05-ADCPSI103,7,2020,IMG_4459.HEIC,21498,ATOSU-69825-00001,
CE04OSBP-LJ01C-05-ADCPSI103,9,2022,/Volumes/Data0/Archive/Cruise_data/RCA/Visions_23/ship/cruiseshare/For_Science/Mitch/Equipment_photos/LV01C/LJ01C_2022/ADCPSI103_2022/ADCPSI103_20230828_182817_recovered.JPG,21498,ATOSU-69825-00001,
CE04OSBP-LJ01C-05-ADCPSI103,10,2023,/Volumes/Data0/Archive/Cruise_data/RCA/Visions_23/ship/cruiseshare/For_Science/Mitch/Equipment_photos/LV01C/LJ01C_2023/ADCPSI103_2023/ADCPSI103_20230815_184746_predeploy.JPG,18153,,
CE04OSBP-LJ01C-05-ADCPSI103,13,2026,/Volumes/Data0/Archive/Images/Equipment_Photos/VISIONS26/PN1C/LJ01C/LJ01C_2026/ADCPSI103_2026/ADCPSI103_20260809_185141_predeploy.JPG,21498,ATOSU-69825-00001,
CE04OSBP-LJ01C-06-CTDBPO108,7,2020,IMG_4461.HEIC,7231,ATOSU-69828-00001,
CE04OSBP-LJ01C-06-CTDBPO108,9,2022,/Volumes/Data0/Archive/Cruise_data/RCA/Visions_23/ship/cruiseshare/For_Science/Mitch/Equipment_photos/LV01C/LJ01C_2022/CTDBPO108_2022/CTDBPO108_20230828_182524_recovered.JPG,-7231,ATOSU-69828-00001,
CE04OSBP-LJ01C-06-CTDBPO108,10,2023,/Volumes/Data0/Archive/Cruise_data/RCA/Visions_23/ship/cruiseshare/For_Science/Mitch/Equipment_photos/LV01C/LJ01C_2023/CTDBPO108_2023/CTDBPO108_20230815_184005_predeploy.JPG,7249,ATOSU-69828-00002,
CE04OSBP-LJ01C-06-DOSTAD108,7,2020,IMG_4462.HEIC,133,ATOSU-58320-00021,
CE04OSBP-LJ01C-06-DOSTAD108,9,2022,/Volumes/Data0/Archive/Cruise_data/RCA/Visions_23/ship/cruiseshare/For_Science/Mitch/Equipment_photos/LV01C/LJ01C_2022/DOSTAD108_2022/DOSTAD108_20230828_182609_recovered.JPG,133,ATOSU-58320-00021,
CE04OSBP-LJ01C-06-DOSTAD108,10,2023,/Volumes/Data0/Archive/Cruise_data/RCA/Visions_23/ship/cruiseshare/For_Science/Mitch/Equipment_photos/LV01C/LJ01C_2023/DOSTAD108_2023/DOSTAD108_20230815_184046_predeploy.JPG,381,ATOSU-58320-00022,
CE04OSBP-LJ01C-06-DOSTAD108,12,2025,Data0/Archive/Cruise_data/RCA/Visions_25/cruiseshare/Mitch/equipment_photos/PN1C/LJ01C/LJ01C_2025/DOSTAD108_2025/DOSTAD108_20250825_133918_predeploy.JPG,381,,asset id obscured
CE04OSBP-LJ01C-06-DOSTAD108,13,2026,/Volumes/Data0/Archive/Images/Equipment_Photos/VISIONS26/PN1C/LJ01C/LJ01C_2026/DOSTAD108_2026/DOSTAD108_20260808_200822_predeploy.JPG,133,ATOSU-58320-00021,
CE04OSBP-LJ01C-07-VEL3DC107,7,2020,IMG_4463.HEIC,"VEC-4940,8159",ATOSU-69829-00004,
CE04OSBP-LJ01C-07-VEL3DC107,9,2022,/Volumes/Data0/Archive/Cruise_data/RCA/Visions_23/ship/cruiseshare/For_Science/Mitch/Equipment_photos/LV01C/LJ01C_2022/VEL3DC107_2022/VEL3DC107_20230828_182739_recovered.JPG,4940/8159,ATOSU-69829-00004,
CE04OSBP-LJ01C-07-VEL3DC107,10,2023,/Volumes/Data0/Archive/Cruise_data/RCA/Visions_23/ship/cruiseshare/For_Science/Mitch/Equipment_photos/LV01C/LJ01C_2023/VEL3DC107_2023/VEL3DC107_20230815_184928_predeploy.JPG,5156/12587,ATOSU-69829-00002,
CE04OSBP-LJ01C-07-VEL3DC107,13,2026,/Volumes/Data0/Archive/Images/Equipment_Photos/VISIONS26/PN1C/LJ01C/LJ01C_2026/VEL3DC107_2026/VEL3DC107_20260808_200850_predeploy.JPG,4940/8159,ATOSU-69829-00004,
CE04OSBP-LJ01C-08-OPTAAC104,7,2020,IMG_4460.HEIC,191,ATOSU-69943-00010,
CE04OSBP-LJ01C-08-OPTAAC104,9,2022,/Volumes/Data0/Archive/Cruise_data/RCA/Visions_23/ship/cruiseshare/For_Science/Mitch/Equipment_photos/LV01C/LJ01C_2022/OPTAAC104_2022/OPTAAC104_20230828_182406_recovered.JPG,191,ATOSU-69943-00010,
CE04OSBP-LJ01C-08-OPTAAC104,10,2023,/Volumes/Data0/Archive/Cruise_data/RCA/Visions_23/ship/cruiseshare/For_Science/Mitch/Equipment_photos/LV01C/LJ01C_2023/OPTAAC104_2023/OPTAAC104_20230815_183725_predeploy.JPG,140,ATOSU-69943-00011,
CE04OSBP-LJ01C-09-PCO2WB104,7,2020,IMG_4455.HEIC,C0064,ATOSU-70570-00001,
CE04OSBP-LJ01C-09-PCO2WB104,9,2022,/Volumes/Data0/Archive/Cruise_data/RCA/Visions_23/ship/cruiseshare/For_Science/Mitch/Equipment_photos/LV01C/LJ01C_2022/PCO2WB104_2022/PCO2WB104_20230828_182838_recovered.JPG,C0064,ATOSU-70570-00001,
CE04OSBP-LJ01C-09-PCO2WB104,10,2023,/Volumes/Data0/Archive/Cruise_data/RCA/Visions_23/ship/cruiseshare/For_Science/Mitch/Equipment_photos/LV01C/LJ01C_2023/PCO2WB104_2023/PCO2WB104_20230815_185025_predeploy.JPG,C0090,ATOSU-70570-00003,
CE04OSBP-LJ01C-09-PCO2WB104,12,2025,Data0/Archive/Cruise_data/RCA/Visions_25/cruiseshare/Mitch/equipment_photos/PN1C/LJ01C/LJ01C_2025/PCO2WB104_2025/,C0090,ATOSU-70570-00003,
CE04OSBP-LJ01C-09-PCO2WB104,13,2026,/Volumes/Data0/Archive/Images/Equipment_Photos/VISIONS26/PN1C/LJ01C/LJ01C_2026/PCO2WB104_2026/PCO2WB104_20260808_200950_predeploy.JPGC,C0064,ATOSU-70570-00001,
CE04OSBP-LJ01C-10-PHSEND107,7,2020,IMG_4455.HEIC,P0117,ATOSU-70571-00002,
CE04OSBP-LJ01C-10-PHSEND107,9,2022,/Volumes/Data0/Archive/Cruise_data/RCA/Visions_23/ship/cruiseshare/For_Science/Mitch/Equipment_photos/LV01C/LJ01C_2022/PHSEND107_2022/PHSEND107_20230828_182900_recovered.JPG,P0117,ATOSU-70571-00002,
CE04OSBP-LJ01C-10-PHSEND107,10,2023,/Volumes/Data0/Archive/Cruise_data/RCA/Visions_23/ship/cruiseshare/For_Science/Mitch/Equipment_photos/LV01C/LJ01C_2023/PHSEND107_2023/PHSEND107_20230815_185104_predeploy.JPG,P0132,ATOSU-70571-00003,
CE04OSBP-LJ01C-10-PHSEND107,12,2025,Data0/Archive/Cruise_data/RCA/Visions_25/cruiseshare/Mitch/equipment_photos/PN1C/LJ01C/LJ01C_2025/PHSEND107_2025/PHSEND107_20250825_134904_predeploy.JPG,P0132,ATOSU-70571-00003,
CE04OSBP-LJ01C-10-PHSEND107,13,2026,/Volumes/Data0/Archive/Images/Equipment_Photos/VISIONS26/PN1C/LJ01C/LJ01C_2026/PHSEND107_2026/PHSEND107_20260808_201105_predeploy.JPG,P0117,ATOSU-70571-00002,
CE04OSBP-LJ01C-11-HYDBBA105,9,2022,/Volumes/Data0/Archive/Cruise_data/RCA/Visions_23/ship/cruiseshare/For_Science/Mitch/Equipment_photos/LV01C/LJ01C_2022/HYDBBA105_2022/HYDBBA105_20230828_182139_recovered.JPG,1248,,
CE04OSBP-LJ01C-11-HYDBBA105,10,2023,/Volumes/Data0/Archive/Cruise_data/RCA/Visions_23/ship/cruiseshare/For_Science/Mitch/Equipment_photos/LV01C/LJ01C_2023/HYDBBA105_2023/HYDBBA105_20230815_184504_predeploy.JPG,1250,,
CE04OSBP-LJ01C-11-HYDBBA105,13,2026,/Volumes/Data0/Archive/Images/Equipment_Photos/VISIONS26/PN1C/LJ01C/LJ01C_2026/HYDBBA105_2026/HYDBBA105_20260809_185026_predeploy.JPG,1249,ATAPL-58324-00015,
CE04OSBP-LV01C-06-CAMDSB106,9,2023,/Volumes/Data0/Archive/Cruise_data/RCA/Visions_23/ship/cruiseshare/For_Science/Mitch/Equipment_photos/LV01C/CAMDSB106_2023/CAMDSB106_20230816_015832_predeploy.JPG,,ATAPL-78437-00058,
CE04OSBP-LV01C-06-CAMDSB106,12,2026,smb://cruisevideo.ooirsn.uw.edu/Data0/Archive/Images/Equipment_Photos/VISIONS26/PN1C/CAMDSB106/CAMDSB106_2026/CAMDSB106_20260810_110638_predeploy.JPG,18830,ATAPL-78437-00001,
CE04OSBP-LV01C-06-CAMDSB106,,2022,/Volumes/Data0/Archive/Cruise_data/RCA/Visions_23/ship/cruiseshare/For_Science/Mitch/Equipment_photos/LV01C/CAMDSB106_2021/CAMDSB106_20230816_131118_recovered.JPG,,ATAPL-78437-0013A,
CE04OSPD-DP01B-01-CTDPFL105,9,2020,IMG_4685.JPG,52-0145,ATAPL-67977-00005,
CE04OSPD-DP01B-01-CTDPFL105,11,2022,/Volumes/Data0/Archive/Cruise_data/RCA/Visions_23/ship/cruiseshare/For_Science/Mitch/Equipment_photos/LV01C/DP01B_2022/DP01B_20230909_092056_recovered.JPG,52-0139,ATAPL-67977-00008,
CE04OSPD-DP01B-01-CTDPFL105,12,2023,/Volumes/Data0/Archive/Cruise_data/RCA/Visions_23/ship/cruiseshare/For_Science/Mitch/Equipment_photos/LV01C/DP01B_2023/DP01B_20230910_081725_predeploy.JPG,52-0146,,
CE04OSPD-DP01B-02-VEL3DA105,9,2020,IMG_4683.JPG,1131,ATOSU-58346-00008,
CE04OSPD-DP01B-02-VEL3DA105,11,2022,/Volumes/Data0/Archive/Cruise_data/RCA/Visions_23/ship/cruiseshare/For_Science/Mitch/Equipment_photos/LV01C/DP01B_2022/DP01B_20230909_092020_recovered.JPG,1148,ATAPL-58346-00004,
CE04OSPD-DP01B-02-VEL3DA105,12,2023,/Volumes/Data0/Archive/Cruise_data/RCA/Visions_23/ship/cruiseshare/For_Science/Mitch/Equipment_photos/LV01C/DP01B_2023/DP01B_20230910_082625_predeploy.JPG,,ATAPL-58346-00002,
CE04OSPD-DP01B-03-FLCDRA103,9,2020,IMG_4692.JPG,3400,ATOSU-70111-00007,
CE04OSPD-DP01B-03-FLCDRA103,11,2022,/Volumes/Data0/Archive/Cruise_data/RCA/Visions_23/ship/cruiseshare/For_Science/Mitch/Equipment_photos/LV01C/DP01B_2022/DP01B_20230909_091949_recovered.JPG,3400,ATOSU-70111-00007,
CE04OSPD-DP01B-03-FLCDRA103,12,2023,/Volumes/Data0/Archive/Cruise_data/RCA/Visions_23/ship/cruiseshare/For_Science/Mitch/Equipment_photos/LV01C/DP01B_2023/DP01B_20230910_081632_predeploy.JPG,3399,ATAPL-70111-00002,
CE04OSPD-DP01B-04-FLNTUA103,9,2020,"IMG_4695.JPG,IMG_4697.JPG",3398,ATOSU-70110-00007,
CE04OSPD-DP01B-04-FLNTUA103,12,2023,/Volumes/Data0/Archive/Cruise_data/RCA/Visions_23/ship/cruiseshare/For_Science/Mitch/Equipment_photos/LV01C/DP01B_2023/DP01B_20230910_081641_predeploy.JPG,3762,ATOSU-70110-00006,
CE04OSPD-DP01B-06-DOSTAD105,9,2020,"IMG_4689.JPG,IMG_4690.JPG",137,ATOSU-58320-00008,
CE04OSPD-DP01B-06-DOSTAD105,11,2022,/Volumes/Data0/Archive/Cruise_data/RCA/Visions_23/ship/cruiseshare/For_Science/Mitch/Equipment_photos/LV01C/DP01B_2022/DP01B_20230909_092132_recovered.JPG,459,ATAPL-58320-00001,
CE04OSPD-DP01B-06-DOSTAD105,12,2023,/Volumes/Data0/Archive/Cruise_data/RCA/Visions_23/ship/cruiseshare/For_Science/Mitch/Equipment_photos/LV01C/DP01B_2023/DP01B_20230910_081653_predeploy.JPG,125,ATAPL-58320-00001,
CE04OSPS-PC01B-05-ZPLSCB102,7,2020,IMG_0016.JPG,2,ATOSU-63259-00005,
CE04OSPS-PC01B-05-ZPLSCB102,10,2023,"Z:\For_Science\Mitch\Equipment_photos\PC01B\PC01B_2023\ZPLSCB102_2023\ZPLSCB102_20230814_122746_predeploy.JPG,Z:\For_Science\Mitch\Equipment_photos\PC01B\PC01B_2023\ZPLSCB102_2023\ZPLSCB102_20230814_122803_predeploy.JPG",171,ATAPL-78516-20001,
CE04OSPS-PC01B-4A-CTDPFA109,7,2020,PC01B_2020_CTD_DOSTA,50018,ATOSU-66662-00006,
CE04OSPS-PC01B-4A-CTDPFA109,9,2022,/Volumes/Data0/Archive/Cruise_data/RCA/Visions_23/ship/cruiseshare/For_Science/Mitch/Equipment_photos/PC01B/PC01B_2022/CTDPFA109_2022/CTDPFA109_20230816_132845_recovered.JPG,16-50018,ATOSU-6662-00006,
CE04OSPS-PC01B-4A-CTDPFA109,10,2023,Z:\For_Science\Mitch\Equipment_photos\PC01B\PC01B_2023\CTDPFA109_2023\CTDPFA109_20230814_121906_predeploy.JPG,16-50113,ATOSU-66662-00014,
CE04OSPS-PC01B-4A-DOSTAD109,7,2020,PC01B_2020_CTD_DOSTA,215,ATOSU-58320-00007,
CE04OSPS-PC01B-4A-DOSTAD109,10,2023,Z:\For_Science\Mitch\Equipment_photos\PC01B\PC01B_2023\DOSTAD109_2023\DOSTAD109_20230814_122035_predeploy.JPG,316,ATOSU-58320-00017,
CE04OSPS-PC01B-4A-DOSTAD109,12,2025,Data0/Archive/Cruise_data/RCA/Visions_25/cruiseshare/Mitch/equipment_photos/PN1C/PC01B/PC01B_2025/DOSTAD109_2025/DOSTAD109_20250804_152349_predeploy.JPG,316,ATOSU-58320-00017,
CE04OSPS-PC01B-4B-PHSENA106,7,2020,PC01B_2020_PHSEN-A,P0115,ATOSU-58337-00007,
CE04OSPS-PC01B-4B-PHSENA106,9,2022,/Volumes/Data0/Archive/Cruise_data/RCA/Visions_23/ship/cruiseshare/For_Science/Mitch/Equipment_photos/PC01B/PC01B_2022/PHSENA106_2022/PHSENA106_20230816_132739_recovered.JPG,P0115,ATOSU-58337-00007,
CE04OSPS-PC01B-4B-PHSENA106,10,2023,Z:\For_Science\Mitch\Equipment_photos\PC01B\PC01B_2023\PHSENA106_2023\PHSENA106_20230814_121656_predeploy.JPG,P0162,ATAPL-58337-00010,
CE04OSPS-PC01B-4B-PHSENA106,12,2025,Data0/Archive/Cruise_data/RCA/Visions_25/cruiseshare/Mitch/equipment_photos/PN1C/PC01B/PC01B_2025/PHSENA106_2025/PHSENA106_20250804_154852_predeploy.JPG,P0162,ATAPL-58337-00010,
CE04OSPS-PC01B-4C-PHSENH109,1,2025,Data0/Archive/Cruise_data/RCA/Visions_25/cruiseshare/Mitch/equipment_photos/PN1C/PC01B/PC01B_2025/new_PH_CTD/20250804_154930.JPG,721-2106,ATAPL-91990-00001,
CE04OSPS-PC01B-4D-PCO2WA105,7,2020,PC01B_2020_PC02W-A,C0079,ATOSU-58336-00006,
CE04OSPS-PC01B-4D-PCO2WA105,9,2022,/Volumes/Data0/Archive/Cruise_data/RCA/Visions_23/ship/cruiseshare/For_Science/Mitch/Equipment_photos/PC01B/PC01B_2022/PCO2WA105_2022/PCO2WA105_20230816_132548_recovered.JPG,C0079,ATOSU-58336-00006,
CE04OSPS-PC01B-4D-PCO2WA105,10,2023,Z:\For_Science\Mitch\Equipment_photos\PC01B\PC01B_2023\PCO2WA105_2023\PCO2WA105_20230815_102301_predeploy.JPG,C0123,ATAPL-58336-00009,
CE04OSPS-PC01B-4D-PCO2WA105,12,2025,Data0/Archive/Cruise_data/RCA/Visions_25/cruiseshare/Mitch/equipment_photos/PN1C/PC01B/PC01B_2025/PCO2WA105_2025/PCO2WA105_20250804_154611_predeploy.JPG,C0123,ATAPL-58336-00009,
CE04OSPS-SF01B-2A-CTDPFA107,7,2020,IMG_1538.JPG,50019,ATOSU-66662-00007,
CE04OSPS-SF01B-2A-CTDPFA107,11,2023,Z:\For_Science\Mitch\Equipment_photos\SF01B\SF01B_2023\CTDPFA107_2023\CTDPFA107_20230814_120056_predeploy.JPG,50019,ATOSU-66662-00007,
CE04OSPS-SF01B-2A-CTDPFA107,,2022,/Volumes/Data0/Archive/Cruise_data/RCA/Visions_23/ship/cruiseshare/For_Science/Mitch/Equipment_photos/SF01B/SF01B_2022/CTDPFA107_2022/CTDPFA107_20230816_105856_recovered.JPG,,ATAPL-66662-00005,
CE04OSPS-SF01B-2A-DOFSTA107,11,2023,Z:\For_Science\Mitch\Equipment_photos\SF01B\SF01B_2023\DOFSTA107_2023\DOFSTA107_20230814_120332_predeploy.JPG,43-2853,,
CE04OSPS-SF01B-2A-DOFSTA107,13,2025,Data0/Archive/Cruise_data/RCA/Visions_25/cruiseshare/Mitch/equipment_photos/PN1C/SF01B/SF01B_2025/DOFSTA107_2025/,43-2853,ATAPL-58694-00004,
CE04OSPS-SF01B-2A-DOFSTA107,,2022,/Volumes/Data0/Archive/Cruise_data/RCA/Visions_23/ship/cruiseshare/For_Science/Mitch/Equipment_photos/SF01B/SF01B_2022/DOFSTA107_2022/DOFSTA107_20230816_110003_recovered.JPG,,ATAPL-58694-00003,
CE04OSPS-SF01B-2B-PHSENA108,7,2020,IMG-1537.JPG,P0131,ATOSU-58337-00008,
CE04OSPS-SF01B-2B-PHSENA108,11,2023,Z:\For_Science\Mitch\Equipment_photos\SF01B\SF01B_2023\PHSENA108_2023\PHSENA108_20230814_115919_predeploy.JPG,P0153,ATOSU-58337-00001,
CE04OSPS-SF01B-2B-PHSENA108,13,2025,Data0/Archive/Cruise_data/RCA/Visions_25/cruiseshare/Mitch/equipment_photos/PN1C/SF01B/SF01B_2025/PHSENA108_2025/PHSENA108_20250804_164655_predeploy.JPG,P0153,ATOSU-58337-00011,
CE04OSPS-SF01B-2B-PHSENA108,,2022,/Volumes/Data0/Archive/Cruise_data/RCA/Visions_23/ship/cruiseshare/For_Science/Mitch/Equipment_photos/SF01B/SF01B_2022/PHSENA108_2022/PHSENA108_20230816_105708_recovered.JPG,P0133,ATAPL-58337-00006,
CE04OSPS-SF01B-3A-FLORTD104,7,2020,IMG_1534.JPG,1150,ATOSU-58322-00008,
CE04OSPS-SF01B-3A-FLORTD104,11,2023,Z:\For_Science\Mitch\Equipment_photos\SF01B\SF01B_2023\FLORTD104_2023\FLORTD104_20230814_120634_predeploy.JPG,1289,ATOSU-58322-00013,
CE04OSPS-SF01B-3A-FLORTD104,,2022,/Volumes/Data0/Archive/Cruise_data/RCA/Visions_23/ship/cruiseshare/For_Science/Mitch/Equipment_photos/SF01B/SF01B_2022/FLORTD104_2022/FLORTD104_20230816_110310_recovered.JPG,1292,ATAPL-58322-00009,
CE04OSPS-SF01B-3B-OPTAAD105,7,2020,IMG_1533.JPG,128,ATOSU-58332-00003,
CE04OSPS-SF01B-3B-OPTAAD105,11,2023,Z:\For_Science\Mitch\Equipment_photos\SF01B\SF01B_2023\OPTAAD105_2023\OPTAAD105_20230814_120507_predeploy.JPG,166,ATAPL-58332-00002,
CE04OSPS-SF01B-3B-OPTAAD105,,2022,/Volumes/Data0/Archive/Cruise_data/RCA/Visions_23/ship/cruiseshare/For_Science/Mitch/Equipment_photos/SF01B/SF01B_2022/OPTAAD105_2022/OPTAAD105_20230816_110154_recovered.JPG,186,ATAPL-58332-00004,
CE04OSPS-SF01B-3C-PARADA102,12,2024,Data0/Archive/Images/Equipment_Photos/VISIONS24/SF01B/SF01B_2024/PARADA102_2024/PARADA102_20240808_152348_predeploy.JPG,1400,00002,
CE04OSPS-SF01B-3C-PARADA102,13,2025,Data0/Archive/Cruise_data/RCA/Visions_25/cruiseshare/Mitch/equipment_photos/PN1C/SF01B/SF01B_2025/PARADA102_2025/,1404,58452-00006,
CE04OSPS-SF01B-3D-SPKIRA102,7,2020,IMG_1540.JPG,267,ATAPL-58341-00004,
CE04OSPS-SF01B-4A-NUTNRA102,7,2020,IMG-1536.JPG,344,ATOSU-68020-00005,
CE04OSPS-SF01B-4A-NUTNRA102,11,2023,"Z:\For_Science\Mitch\Equipment_photos\SF01B\SF01B_2023\NUTNRA102_2023\NUTNRA102_20230815_234702_predeploy.JPG, Z:\For_Science\Mitch\Equipment_photos\SF01B\SF01B_2023\NUTNRA102_2023\NUTNRA102_20230815_234644_predeploy.JPG",625,ATOSU-68020-00008,
CE04OSPS-SF01B-4A-NUTNRA102,,2022,/Volumes/Data0/Archive/Cruise_data/RCA/Visions_23/ship/cruiseshare/For_Science/Mitch/Equipment_photos/SF01B/SF01B_2022/NUTNRA102_2022/NUTNRA102_20230816_105152_recovered.JPG,617,ATPAL-68020-00006,
CE04OSPS-SF01B-4B-VELPTD106,11,2023,"Z:\For_Science\Mitch\Equipment_photos\SF01B\SF01B_2023\VELPTD106_2023\VELPTD106_20230814_115720_predeploy.JPG,Z:\For_Science\Mitch\Equipment_photos\SF01B\SF01B_2023\VELPTD106_2023\VELPTD106_20230814_115653_predeploy.JPG",AQD-12692,ATOSU-70114-10008,
CE04OSPS-SF01B-4B-VELPTD106,,2022,/Volumes/Data0/Archive/Cruise_data/RCA/Visions_23/ship/cruiseshare/For_Science/Mitch/Equipment_photos/SF01B/SF01B_2022/VELPTD106_2022/VELPTD106_20230816_105106_recovered.JPG,7205/12227,ATAPL-70114-00006,
CE04OSPS-SF01B-4F-PCO2WA102,7,2020,IMG_1535.JPG,C0116,ATOSU-58336-00007,
CE04OSPS-SF01B-4F-PCO2WA102,11,2023,Z:\For_Science\Mitch\Equipment_photos\SF01B\SF01B_2023\PCO2WA102_2023\PCO2WA102_20230814_120814_predeploy.JPG,C0078,ATOSU-58336-00005,
CE04OSPS-SF01B-4F-PCO2WA102,13,2025,Data0/Archive/Cruise_data/RCA/Visions_25/cruiseshare/Mitch/equipment_photos/PN1C/SF01B/SF01B_2025/PCO2WA102_2025/PCO2WA102_20250804_165243_predeploy.JPG,C0078,ATOSU-58336-00005,
CE04OSPS-SF01B-4F-PCO2WA102,,2022,/Volumes/Data0/Archive/Cruise_data/RCA/Visions_23/ship/cruiseshare/For_Science/Mitch/Equipment_photos/SF01B/SF01B_2022/PCO2WA102_2022/PCO2WA102_20230816_105312_recovered.JPG,C0117,ATOSU-58336-00008,
RS01SBPD-DP01A-01-CTDPFL104,6,2020,IMG_4747.JPG,52-0120,ATAPL-67977-00001,
RS01SBPD-DP01A-01-CTDPFL104,8,2022,/Volumes/Data0/Archive/Cruise_data/RCA/Visions_23/ship/cruiseshare/For_Science/Mitch/Equipment_photos/LV01A/DP01A_2022/DP01A_20230911_124456_recovered.JPG,52-0145,ATAPL-67977-00005,
RS01SBPD-DP01A-01-CTDPFL104,9,2023,/Volumes/Data0/Archive/Cruise_data/RCA/Visions_23/ship/cruiseshare/For_Science/Mitch/Equipment_photos/LV01A/DP01A_2023/DP01A_20230911_081832_predeploy.JPG,,ATAPL-67977-00007,
RS01SBPD-DP01A-02-VEL3DA103,6,2020,IMG_4744.JPG,1214,ATAPL-58346-00005,
RS01SBPD-DP01A-02-VEL3DA103,8,2022,/Volumes/Data0/Archive/Cruise_data/RCA/Visions_23/ship/cruiseshare/For_Science/Mitch/Equipment_photos/LV01A/DP01A_2022/DP01A_20230911_124524_recovered.JPG,52-0139,ATAPL-67977-00003,
RS01SBPD-DP01A-03-FLCDRA102,6,2020,IMG_4741.JPG,3098,ATAPL-70111-00001,
RS01SBPD-DP01A-03-FLCDRA102,8,2022,/Volumes/Data0/Archive/Cruise_data/RCA/Visions_23/ship/cruiseshare/For_Science/Mitch/Equipment_photos/LV01A/DP01A_2022/DP01A_20230911_124424_recovered.JPG,3460,ATAPL-70111-00003,
RS01SBPD-DP01A-03-FLCDRA102,9,2023,/Volumes/Data0/Archive/Cruise_data/RCA/Visions_23/ship/cruiseshare/For_Science/Mitch/Equipment_photos/LV01A/DP01A_2023/DP01A_20230911_081849_predeploy.JPG,3717,ATOSU-70111-00006,
RS01SBPD-DP01A-04-FLNTUA102,6,2020,IMG_4738.JPG,3099,ATAPL-70110-00001,
RS01SBPD-DP01A-04-FLNTUA102,8,2022,/Volumes/Data0/Archive/Cruise_data/RCA/Visions_23/ship/cruiseshare/For_Science/Mitch/Equipment_photos/LV01A/DP01A_2022/DP01A_20230911_124344_recovered.JPG,3468,ATAPL-70110-00003,
RS01SBPD-DP01A-04-FLNTUA102,9,2023,/Volumes/Data0/Archive/Cruise_data/RCA/Visions_23/ship/cruiseshare/For_Science/Mitch/Equipment_photos/LV01A/DP01A_2023/DP01A_20230911_081852_predeploy.JPG,3397,ATAPL-70110-00002,
RS01SBPD-DP01A-06-DOSTAD104,6,2020,IMG_4733.JPG,458,ATAPL-58320-00009,
RS01SBPD-DP01A-06-DOSTAD104,8,2022,/Volumes/Data0/Archive/Cruise_data/RCA/Visions_23/ship/cruiseshare/For_Science/Mitch/Equipment_photos/LV01A/DP01A_2022/DP01A_20230911_124442_recovered.JPG,137,,
RS01SBPD-DP01A-06-DOSTAD104,9,2023,/Volumes/Data0/Archive/Cruise_data/RCA/Visions_23/ship/cruiseshare/For_Science/Mitch/Equipment_photos/LV01A/DP01A_2023/DP01A_20230911_081903_predeploy.JPG,317,ATOSU-58320-00018,
RS01SBPS-PC01A-05-ADCPTD102,7,2020,IMG_00004.JPG,18478,ATAPL-58315-00001,
RS01SBPS-PC01A-05-ADCPTD102,9,2022,/Volumes/Data0/Archive/Cruise_data/RCA/Visions_23/ship/cruiseshare/For_Science/Mitch/Equipment_photos/PC01A/PC01A_2022/ADCPTD102_2022/ADCPTD102_20230817_184601_recovered.JPG,23339,ATAPL-58315-00005,
RS01SBPS-PC01A-05-ADCPTD102,10,2023,Z:\For_Science\Mitch\Equipment_photos\PC01A\PC01A_2023\ADCPTD102_2023\ADCPTD102_20230816_163730_predeploy.JPG,23338,ATAPL-58315-00004,
RS01SBPS-PC01A-06-VADCPA101,7,2020,IMG_00003.JPG,19075,ATAPL-58345-00003,
RS01SBPS-PC01A-06-VADCPA101,9,2022,/Volumes/Data0/Archive/Cruise_data/RCA/Visions_23/ship/cruiseshare/For_Science/Mitch/Equipment_photos/PC01A/PC01A_2022/VADCPA101_2022/VADCPA101_20230817_184230_recovered.JPG,19073,ATAPL-58345-00002,
RS01SBPS-PC01A-06-VADCPA101,10,2023,Z:\For_Science\Mitch\Equipment_photos\PC01A\PC01A_2023\VADCPA101_2023\VACDCPA101_20230816_150926_predeploy.JPG,21829/23340,ATAPL-58345-00004,
RS01SBPS-PC01A-06-VADCPB101,2,2025,Data0/Archive/Cruise_data/RCA/Visions_25/cruiseshare/Mitch/equipment_photos/PN1A/SF01A/SF01A_2025_2ond_deploy/PHSENA101_2025/PHSENA101_20250813_160956_predeploy.JPG,104567,ATAPL-78520-00001,
RS01SBPS-PC01A-07-CAMDSC102,9,2022,/Volumes/Data0/Archive/Cruise_data/RCA/Visions_23/ship/cruiseshare/For_Science/Mitch/Equipment_photos/PC01A/PC01A_2022/CAMDSC102_2022/CAMDSC102_20230817_184040_recovered.JPG,,ATAPL-78438-00006,
RS01SBPS-PC01A-07-CAMDSC102,10,2023,Z:\For_Science\Mitch\Equipment_photos\PC01A\PC01A_2023\CAMDSC102_2023\CAMDSC102_20230816_151047_predeploy.JPG,18838,ATAPL-78437-00004,
RS01SBPS-PC01A-08-HYDBBA103,9,2022,/Volumes/Data0/Archive/Cruise_data/RCA/Visions_23/ship/cruiseshare/For_Science/Mitch/Equipment_photos/PC01A/PC01A_2022/HYDBBA103_2022/HYDBBA103_20230817_182737_recovered.JPG,1361,,
RS01SBPS-PC01A-08-HYDBBA103,10,2023,Z:\For_Science\Mitch\Equipment_photos\PC01A\PC01A_2023\HYDBBA103_2023\HYDBBA103_20230816_164235_predeploy.JPG,1292,,
RS01SBPS-PC01A-4A-CTDPFA103,7,2020,IMG_00002.JPG,6914,ATAPL-66662-00001,
RS01SBPS-PC01A-4A-CTDPFA103,9,2022,/Volumes/Data0/Archive/Cruise_data/RCA/Visions_23/ship/cruiseshare/For_Science/Mitch/Equipment_photos/PC01A/PC01A_2022/CTDPFA103_2022/CTDPFA103_20230817_183300_recovered.JPG,16P65795-6914,ATAPL-66662-00001,
RS01SBPS-PC01A-4A-CTDPFA103,10,2023,Z:\For_Science\Mitch\Equipment_photos\PC01A\PC01A_2023\CTDPFA103_2023\CTDPFA103_20230816_150605_predeploy.JPG,16-50118,ATAPL-66662-00009,
RS01SBPS-PC01A-4A-DOSTAD103,7,2020,IMG_00002.JPG,275,ATAPL-58320-00005,
RS01SBPS-PC01A-4A-DOSTAD103,10,2023,Z:\For_Science\Mitch\Equipment_photos\PC01A\PC01A_2023\DOSTAD103_2023\DOSTAD103_20230816_150712_predeploy.JPG,472,ATAPL-58320-00011,
RS01SBPS-PC01A-4A-DOSTAD103,12,2025,Data0/Archive/Cruise_data/RCA/Visions_25/cruiseshare/Mitch/equipment_photos/PN1A/PC01A/PC01A_2025/DOSTAD103_2025/DOSTAD103_20250805_085525_predeploy.JPG,472,ATAPL-58320-00011,repeat sn
RS01SBPS-PC01A-4B-PHSENA102,7,2020,IMG_00001.JPG,P0164,ATAPL-58337-00014,
RS01SBPS-PC01A-4B-PHSENA102,9,2022,/Volumes/Data0/Archive/Cruise_data/RCA/Visions_23/ship/cruiseshare/For_Science/Mitch/Equipment_photos/PC01A/PC01A_2022/PHSENA102_2022/PHSENA102_20230817_183145_recovered.JPG,P0164,ATAPL-58337-00014,
RS01SBPS-PC01A-4B-PHSENA102,10,2023,Z:\For_Science\Mitch\Equipment_photos\PC01A\PC01A_2023\PHSENA102_2023\PHSENA102_20230816_133806_predeploy.JPG,P0111,ATAPL-58337-00002,
RS01SBPS-PC01A-4B-PHSENA102,12,2025,Data0/Archive/Cruise_data/RCA/Visions_25/cruiseshare/Mitch/equipment_photos/PN1A/PC01A/PC01A_2025/PHSENA102_2025/PHSENA102_20250805_085330_predeploy.JPG,P0111,ATAPL-58337-00002,
RS01SBPS-PC01A-4C-FLORDD103,7,2020,IMG_00007.JPG,1132,ATAPL-58322-00005,
RS01SBPS-PC01A-4C-FLORDD103,9,2022,/Volumes/Data0/Archive/Cruise_data/RCA/Visions_23/ship/cruiseshare/For_Science/Mitch/Equipment_photos/PC01A/PC01A_2022/FLORDD103_2022/FLORDD103_20230817_183410_recovered.JPG,1132,,
RS01SBPS-PC01A-4C-FLORDD103,10,2023,Z:\For_Science\Mitch\Equipment_photos\PC01A\PC01A_2023\FLORDD103_2023\FLORDD103_20230816_150817_predeploy.JPG,1129,ATAPL-58322-00002,
RS01SBPS-SF01A-2A-CTDPFA102,8,2020,IMG_1527.JPG,7205,ATAPL-66662-00002,
RS01SBPS-SF01A-2A-CTDPFA102,10,2022,/Volumes/Data0/Archive/Cruise_data/RCA/Visions_23/ship/cruiseshare/For_Science/Mitch/Equipment_photos/SF01A/SF01A_2022/CTDPFA102_2022/CTDPFA102_20230817_190818_recovered.JPG,-7205,ATAPL-66662-00002,
RS01SBPS-SF01A-2A-CTDPFA102,11,2023,Z:\For_Science\Mitch\Equipment_photos\SF01A\SF01A_2023\CTDPFA102_2023\CTDPFA102_20230816_154817_predeploy.JPG,16-50115,ATAPL-66662-00008,
RS01SBPS-SF01A-2A-DOFSTA102,11,2023,Z:\For_Science\Mitch\Equipment_photos\SF01A\SF01A_2023\DOFSTA102_2023\DOFSTA102_20230816_155300_predeploy.JPG,43-3163,,
RS01SBPS-SF01A-2A-DOFSTA102,,2025,Data0/Archive/Cruise_data/RCA/Visions_25/cruiseshare/Mitch/equipment_photos/PN1A/SF01A/SF01A_2025_2ond_deploy/DOFSTA102_2025/DOFSTA102_20250813_161114_predeploy.JPG,43-3163,ATAPL-58694-00005,
RS01SBPS-SF01A-2D-PHSENA101,8,2020,IMG_1529.JPG,P0163,ATAPL-58337-00013,
RS01SBPS-SF01A-2D-PHSENA101,10,2022,/Volumes/Data0/Archive/Cruise_data/RCA/Visions_23/ship/cruiseshare/For_Science/Mitch/Equipment_photos/SF01A/SF01A_2022/PHSENA101_2022/PHSENA101_20230817_190724_recovered.JPG,P0163,ATAPL-58337-00013,
RS01SBPS-SF01A-2D-PHSENA101,11,2023,Z:\For_Science\Mitch\Equipment_photos\SF01A\SF01A_2023\PHSENA101_2023\PHSENA101_20230816_154736_predeploy.JPG,P0113,ATAPL-58337-00005,
RS01SBPS-SF01A-2D-PHSENA101,,2025,Data0/Archive/Cruise_data/RCA/Visions_25/cruiseshare/Mitch/equipment_photos/PN1A/SF01A/SF01A_2025_2ond_deploy/PHSENA101_2025/PHSENA101_20250813_160956_predeploy.JPG,P0113,ATAPL-58337-00005,
RS01SBPS-SF01A-3A-FLORTD101,8,2020,IMG_1526.JPG,1130,ATAPL-58322-00003,
RS01SBPS-SF01A-3A-FLORTD101,10,2022,/Volumes/Data0/Archive/Cruise_data/RCA/Visions_23/ship/cruiseshare/For_Science/Mitch/Equipment_photos/SF01A/SF01A_2022/FLORTD101_2022/FLORTD101_20230817_191316_recovered.JPG,1130,ATPAL-58322-00003,
RS01SBPS-SF01A-3A-FLORTD101,11,2023,Z:\For_Science\Mitch\Equipment_photos\SF01A\SF01A_2023\FLORTD101_2023\FLORTD101_20230816_155556_predeploy.JPG,1150,ATOSU-58322-00008,
RS01SBPS-SF01A-3B-OPTAAD101,8,2020,IMG_1525.JPG,244,ATAPL-58332-00005,
RS01SBPS-SF01A-3B-OPTAAD101,10,2022,/Volumes/Data0/Archive/Cruise_data/RCA/Visions_23/ship/cruiseshare/For_Science/Mitch/Equipment_photos/SF01A/SF01A_2022/OPTAAD101_2022/OPTAAD101_20230817_191116_recovered.JPG,244,ATAPL-58332-00005,
RS01SBPS-SF01A-3B-OPTAAD101,11,2023,Z:\For_Science\Mitch\Equipment_photos\SF01A\SF01A_2023\OPTAAD101_2023\OPTAAD101_20230816_155451_predeploy.JPG,223,ATOSU-58332-00007,
RS01SBPS-SF01A-3B-OPTAAD101,,2025,Data0/Archive/Cruise_data/RCA/Visions_25/cruiseshare/Mitch/equipment_photos/PN1A/SF01A/SF01A_2025_2ond_deploy/OPTAAD101_2025/,221,ATOSU-58332-00008,
RS01SBPS-SF01A-3C-PARADA101,8,2020,IMG_4439.HEIC,1399,ATAPL-78452-00001,
RS01SBPS-SF01A-3C-PARADA101,12,2024,Data0/Archive/Images/Equipment_Photos/VISIONS24/SF01A/SF01A_2024/PARADA101_2024/PARADA101_20240809_075229_predeploy.JPG,1399,78452-00001,
RS01SBPS-SF01A-3C-PARADA101,,2025,Data0/Archive/Cruise_data/RCA/Visions_25/cruiseshare/Mitch/equipment_photos/PN1A/SF01A/SF01A_2025_2ond_deploy/PARADA101_2025/PARADA101_20250813_225442_predeploy.JPG,1401,00003,
RS01SBPS-SF01A-3D-SPKIRA101,8,2020,IMG_4439.HEIC,245,ATAPL-58341-00003,
RS01SBPS-SF01A-3D-SPKIRA101,,2025,Data0/Archive/Cruise_data/RCA/Visions_25/cruiseshare/Mitch/equipment_photos/PN1A/SF01A/SF01A_2025_2ond_deploy/SPKIRA101_2025/SPKIRA101_20250813_225407_predeploy.JPG,267,ATAPL-58341-00004,
RS01SBPS-SF01A-4A-NUTNRA101,8,2020,IMG_1530.JPG,380,ATAPL-68020-00003,
RS01SBPS-SF01A-4A-NUTNRA101,10,2022,/Volumes/Data0/Archive/Cruise_data/RCA/Visions_23/ship/cruiseshare/For_Science/Mitch/Equipment_photos/SF01A/SF01A_2022/NUTNRA101_2022/NUTNRA101_20230817_190427_recovered.JPG,380,ATAPL-68020-00003,
RS01SBPS-SF01A-4A-NUTNRA101,11,2023,Z:\For_Science\Mitch\Equipment_photos\SF01A\SF01A_2023\NUTNRA101_2023\NUTNRA101_20230816_154520_predeploy.JPG,334,ATOSU-68020-00005,
RS01SBPS-SF01A-4B-VELPTD102,8,2020,IMG_1530.JPG,6389,ATAPL-70114-00003,
RS01SBPS-SF01A-4B-VELPTD102,10,2022,/Volumes/Data0/Archive/Cruise_data/RCA/Visions_23/ship/cruiseshare/For_Science/Mitch/Equipment_photos/SF01A/SF01A_2022/VELPTD102_2022/VELPTD102_20230817_190534_recovered.JPG,6389,ATAPL-70114-00003,
RS01SBPS-SF01A-4B-VELPTD102,11,2023,Z:\For_Science\Mitch\Equipment_photos\SF01A\SF01A_2023\VELPTD102_2023\VELPTD102_20230816_154605_predeploy.JPG,6802,ATAPL-70114-00004,
RS01SBPS-SF01A-4F-PCO2WA101,8,2020,IMG_1531.JPG,C0091,ATAPL-58336-00004,
RS01SBPS-SF01A-4F-PCO2WA101,10,2022,/Volumes/Data0/Archive/Cruise_data/RCA/Visions_23/ship/cruiseshare/For_Science/Mitch/Equipment_photos/SF01A/SF01A_2022/PCO2WA101_2022/PCO2WA101_20230817_190321_recovered.JPG,C0091,ATAPL-58336-00004,
RS01SBPS-SF01A-4F-PCO2WA101,11,2023,Z:\For_Science\Mitch\Equipment_photos\SF01A\SF01A_2023\PCO2WA101_2023\PCO2WA101_20230816_135018_predeploy.JPG,C0076,ATAPL-58336-00003,
RS01SBPS-SF01A-4F-PCO2WA101,,2025,Data0/Archive/Cruise_data/RCA/Visions_25/cruiseshare/Mitch/equipment_photos/PN1A/SF01A/SF01A_2025_2ond_deploy/PCO2WA101_2025/,C0076,ATAPL-58336-00003,
RS01SLBS-LJ01A-09-HYDBBA102,6,2023,Z:\For_Science\Mitch\Equipment_photos\LJ01A\HYDBBA102_2023\HYDBBA102_20230816_222247_predeploy.JPG,ATAPL-50324-00011,,
RS01SLBS-LJ01A-09-HYDBBA102,7,2026,/Volumes/Data0/Archive/Images/Equipment_Photos/VISIONS26/PN1A/LJ01A/HYDBBA102/HYDBBA102_2026/HYDBBA102_20260811_074500_predeploy.JPG,1273,ATAPL-58324-00005,
RS01SLBS-LJ01A-10-ADCPTE101,5,2020,/Volumes/Data0/Archive/Cruise_data/RCA/Visions_23/ship/cruiseshare/For_Science/Mitch/Equipment_photos/LJ01A/ADCPTE101_2020/ADCPTE101_20230818_101613_recovered.JPG,18813,,
RS01SLBS-LJ01A-10-ADCPTE101,6,2023,Z:\For_Science\Mitch\Equipment_photos\LJ01A\ADCPTE101_2020\ADCPTE101_20230818_101613_recovered.JPG,18813,,
RS01SLBS-LJ01A-11-OPTAAC103,7,2020,/Volumes/Data0/Archive/Cruise_data/RCA/Visions_23/ship/cruiseshare/For_Science/Mitch/Equipment_photos/LJ01A/OPTAAC103_2020/OPTAAC103_20230818_100924_recovered.JPG,248,ATAPL-69943-00008,
RS01SLBS-LJ01A-11-OPTAAC103,10,2023,smb://cruisevideo.ooirsn.uw.edu/Data0/Archive/Images/Equipment_Photos/VISIONS23/LJ01A/OPTAAC103_2023/OPTAAC103_20230816_222532_predeploy.JPG,155,ATAPL-66943-00002,
RS01SLBS-LJ01A-12-CTDPFB101,7,2020,/Volumes/Data0/Archive/Cruise_data/RCA/Visions_23/ship/cruiseshare/For_Science/Mitch/Equipment_photos/LJ01A/CTDPFB101_2020/CTDPFB101_20230818_101203_recovered.JPG,4830-67627,ATAPL-67627-00002,
RS01SLBS-LJ01A-12-CTDPFB101,10,2023,smb://cruisevideo.ooirsn.uw.edu/Data0/Archive/Images/Equipment_Photos/VISIONS23/LJ01A/CTDPFB101_2023/CTDPFB101_20230816_222713_predeploy.JPG,,ATAPL-67627-00004,
RS01SLBS-LJ01A-12-DOSTAD101,7,2020,/Volumes/Data0/Archive/Cruise_data/RCA/Visions_23/ship/cruiseshare/For_Science/Mitch/Equipment_photos/LJ01A/DOSTAD101_2020/DOSTAD101_20230818_101328_recovered.JPG,,ATAPL-58320-00014,
RS01SLBS-LJ01A-12-DOSTAD101,12,2026,/Volumes/Data0/Archive/Images/Equipment_Photos/VISIONS26/PN1A/LJ01A/DOSTAD101/DOSTAD101_2026/DOSTAD101_20260811_081756_predeploy.JPG,275,ATAPL-58320-00005,
RS01SUM1-LJ01B-09-PRESTB102,,2024,Data0/Archive/Images/Equipment_Photos/VISIONS24/LJ01B/PRESTB102/PRESTB102_2024/PRESTB102_20240820_190407_predeploy.JPG,4830-69923,ATAPL-69923-00001,
RS01SUM2-MJ01B-00-FLOBNC101,10,2022,/Volumes/Data0/Archive/Cruise_data/RCA/Visions_23/ship/cruiseshare/For_Science/Mitch/Equipment_photos/MJ01B/FLOBNC101_2022/FLOBNC101_20230828_003905_recovered.JPG,,ATAPL-58344-00004,
RS01SUM2-MJ01B-00-FLOBNC101,11,2023,/Volumes/Data0/Archive/Cruise_data/RCA/Visions_23/ship/cruiseshare/For_Science/Mitch/Equipment_photos/MJ01B/FLOBNC101_2023/FLOBNC101_20230827_172101_predeloy.JPG,1,ATAPL-58334-00001,
RS01SUM2-MJ01B-00-FLOBNM101,10,2022,/Volumes/Data0/Archive/Cruise_data/RCA/Visions_23/ship/cruiseshare/For_Science/Mitch/Equipment_photos/MJ01B/FLOBNM101_2022/FLOBNM101_20230828_002531_recovered.JPG,3,,
RS01SUM2-MJ01B-00-FLOBNM101,11,2023,/Volumes/Data0/Archive/Cruise_data/RCA/Visions_23/ship/cruiseshare/For_Science/Mitch/Equipment_photos/MJ01B/FLOBNM101_2023/FLOBNM101_20230827_171720_predeloy.JPG,2,,
RS01SUM2-MJ01B-00-OSMOIA101,9,2022,/Volumes/Data0/Archive/Cruise_data/RCA/Visions_23/ship/cruiseshare/For_Science/Mitch/Equipment_photos/MJ01B/OSMOIA101_2022/OSMOIA101_20230828_003308_recovered.JPG,1,,
RS01SUM2-MJ01B-00-OSMOIA101,10,2023,/Volumes/Data0/Archive/Cruise_data/RCA/Visions_23/ship/cruiseshare/For_Science/Mitch/Equipment_photos/MJ01B/OSMOIA101_2023/OSMOIA101_20230827_164631_predeploy.JPG,3,,
RS01SUM2-MJ01B-05-CAMDSB103,8,2023,/Volumes/Data0/Archive/Cruise_data/RCA/Visions_23/ship/cruiseshare/For_Science/Mitch/Equipment_photos/MJ01B/CAMDSB103_2023/CAMDSB103_20230827_122123_predeploy.JPG,SUBC-19007,ATAPL-78437-00007,
RS01SUM2-MJ01B-05-CAMDSB103,11,2026,/Volumes/Data0/Archive/Images/Equipment_Photos/VISIONS26/PN1B/MJ01B/CAMDSB103/CAMDSB103_2026/CAMDSB103_20260810_171901_predeploy.JPG,20119,ATAPL-78437-00012,
RS01SUM2-MJ01B-05-CAMDSB103,,2022,/Volumes/Data0/Archive/Cruise_data/RCA/Visions_23/ship/cruiseshare/For_Science/Mitch/Equipment_photos/MJ01B/CAMDSB103_2021/CAMDSB103_20230827_181333_recovered.JPG,,ATOSU-70101-00013,
RS01SUM2-MJ01B-12-ADCPSK101,2,2018,/Volumes/Data0/Archive/Cruise_data/RCA/Visions_23/ship/cruiseshare/For_Science/Mitch/Equipment_photos/MJ01B/MJ01B_2018/MJ01B_20230827_132840_recovered.JPG,18977,,
RS01SUM2-MJ01B-12-ADCPSK101,3,2023,/Volumes/Data0/Archive/Cruise_data/RCA/Visions_23/ship/cruiseshare/For_Science/Mitch/Equipment_photos/MJ01B/MJ01B_2023/MJ01B_20230826_190247_predeploy.JPG,18975,,
RS03ASHS-MJ03B-00-OSMOIA301,10,2022,/Volumes/Data0/Archive/Cruise_data/RCA/Visions_23/ship/cruiseshare/For_Science/Mitch/Equipment_photos/MJ03B/OSMOIA301_2022/OSMOIA301_20230826_083247_recovered.JPG,2,,
RS03ASHS-MJ03B-00-OSMOIA301,11,2023,/Volumes/Data0/Archive/Cruise_data/RCA/Visions_23/ship/cruiseshare/For_Science/Mitch/Equipment_photos/MJ03B/OSMOIA301_2023/OSMOIA301_20230825_211606_predeploy.JPG,4,,
RS03ASHS-MJ03B-10-CTDPFB304,7,2023,/Volumes/Data0/Archive/Cruise_data/RCA/Visions_23/ship/cruiseshare/For_Science/Mitch/Equipment_photos/MJ03B/CTDPFB304_2023/CTDPFB304_20230905_130934_predeploy.JPG,16-50209,ATCWK-67627-00006,
RS03ASHS-PN03B-06-CAMHDA301,8,2021,/Volumes/Data0/Archive/Cruise_data/RCA/Visions_23/ship/cruiseshare/For_Science/Mitch/Equipment_photos/PN3B/CAMHDA301_2021/CAMHDA301_20230826_084159_recovered.JPG,,ATAPL-70150-00006,
RS03ASHS-PN03B-06-CAMHDA301,9,2023,/Volumes/Data0/Archive/Cruise_data/RCA/Visions_23/ship/cruiseshare/For_Science/Mitch/Equipment_photos/PN3B/CAMHDA301_2023/CAMHDA301_20230825_211330_predeploy.JPG,4813-64769,ATAPL-64769-00050,
RS03ASHS-PN03B-06-CAMHDA301,12,2026,smb://cruisevideo.ooirsn.uw.edu/Data0/Archive/Images/Equipment_Photos/VISIONS26/PN3B/CAMHDA301/CAMHDA301_2026/CAMHDA301_20260812_182928_predeploy.JPG,70501,,
RS03AXBS-LJ03A-05-HPIESA301,7,2022,/Volumes/Data0/Archive/Cruise_data/RCA/Visions_23/ship/cruiseshare/For_Science/Mitch/Equipment_photos/LJ03A/HPIESA301_2022/HPIESA301_20230903_215058_recovered.JPG,308,,
RS03AXBS-LJ03A-05-HPIESA301,8,2023,/Volumes/Data0/Archive/Cruise_data/RCA/Visions_23/ship/cruiseshare/For_Science/Mitch/Equipment_photos/LJ03A/HPIESA301_2023/HPIESA301_20230902_193118_predeploy.JPG,307,,
RS03AXBS-LJ03A-11-OPTAAC303,9,2022,/Volumes/Data0/Archive/Cruise_data/RCA/Visions_23/ship/cruiseshare/For_Science/Mitch/Equipment_photos/LJ03A/CTDPFB301_DOSTAD301_OPTAAC303_2022/OPTAAC303_20230913_085556_recovered.JPG,156,ATAPL-69943-00003,
RS03AXBS-LJ03A-11-OPTAAC303,10,2023,/Volumes/Data0/Archive/Cruise_data/RCA/Visions_23/ship/cruiseshare/For_Science/Mitch/Equipment_photos/LJ03A/CTDPFB301_DOSTAD301_OPTAAC303_2023/OPTAAC303_20230902_194810_predeploy.JPG,,ATAPL-69943-00009,
RS03AXBS-LJ03A-12-CTDPFB301,9,2022,/Volumes/Data0/Archive/Cruise_data/RCA/Visions_23/ship/cruiseshare/For_Science/Mitch/Equipment_photos/LJ03A/CTDPFB301_DOSTAD301_OPTAAC303_2022/CTDPFB301_20230913_085400_recovered.JPG,-50031,ATAPL-67627-00003,
RS03AXBS-LJ03A-12-CTDPFB301,10,2023,/Volumes/Data0/Archive/Cruise_data/RCA/Visions_23/ship/cruiseshare/For_Science/Mitch/Equipment_photos/LJ03A/CTDPFB301_DOSTAD301_OPTAAC303_2023/CTDPFB301_20230902_194544_predeploy.JPG,,ATAPL-67627-00005,
RS03AXBS-LJ03A-12-CTDPFB301,11,2024,Data0/Archive/Images/Equipment_Photos/VISIONS24/LJ03A/CTDPFB301/CTDPFB301_2024/CTDPFB301_20240829_200331_predeploy.JPG,16-50031,ATAPL-67627-00003,
RS03AXBS-LJ03A-12-DOSTAD301,9,2022,/Volumes/Data0/Archive/Cruise_data/RCA/Visions_23/ship/cruiseshare/For_Science/Mitch/Equipment_photos/LJ03A/CTDPFB301_DOSTAD301_OPTAAC303_2022/CTDPFB301_20230913_085400_recovered.JPG,273,ATAPL-58320-00003,
RS03AXBS-LJ03A-12-DOSTAD301,10,2023,/Volumes/Data0/Archive/Cruise_data/RCA/Visions_23/ship/cruiseshare/For_Science/Mitch/Equipment_photos/LJ03A/CTDPFB301_DOSTAD301_OPTAAC303_2023/DOSTAD301_20230902_194728_predeploy.JPG,,ATAPL-58320-00006,
RS03AXPD-DP03A-01-CTDPFL304,6,2020,"IMG_4728.JPG,IMG_4729.JPG",52-0144,ATAPL-67977-00004,
RS03AXPD-DP03A-01-CTDPFL304,8,2022,/Volumes/Data0/Archive/Cruise_data/RCA/Visions_23/ship/cruiseshare/For_Science/Mitch/Equipment_photos/LV03A/DP03A_2022/DP03A_20230912_155625_recovered.JPG,52-0144,ATAPL-67977-00004,
RS03AXPD-DP03A-01-CTDPFL304,9,2023,/Volumes/Data0/Archive/Cruise_data/RCA/Visions_23/ship/cruiseshare/For_Science/Mitch/Equipment_photos/LV03A/DP03A_2023/DP03A_20230912_085752_predeploy.JPG,52-0137,ATAPL-67977-00002,
RS03AXPD-DP03A-02-VEL3DA303,6,2020,IMG_4725.JPG,1148,ATAPL-58346-00004,
RS03AXPD-DP03A-02-VEL3DA303,8,2022,/Volumes/Data0/Archive/Cruise_data/RCA/Visions_23/ship/cruiseshare/For_Science/Mitch/Equipment_photos/LV03A/DP03A_2022/DP03A_20230912_155652_recovered.JPG,1214,ATAPL-58346-00005,
RS03AXPD-DP03A-02-VEL3DA303,9,2023,/Volumes/Data0/Archive/Cruise_data/RCA/Visions_23/ship/cruiseshare/For_Science/Mitch/Equipment_photos/LV03A/DP03A_2023/DP03A_20230912_085736_predeploy.JPG,1130,ATAPL-58346-00003,
RS03AXPD-DP03A-03-FLCDRA302,6,2020,IMG_4722.JPG,3460,ATAPL-70111-00003,
RS03AXPD-DP03A-03-FLCDRA302,8,2022,/Volumes/Data0/Archive/Cruise_data/RCA/Visions_23/ship/cruiseshare/For_Science/Mitch/Equipment_photos/LV03A/DP03A_2022/DP03A_20230912_155723_recovered.JPG,3099,ATAPL-70110-00001,
RS03AXPD-DP03A-03-FLCDRA302,9,2023,/Volumes/Data0/Archive/Cruise_data/RCA/Visions_23/ship/cruiseshare/For_Science/Mitch/Equipment_photos/LV03A/DP03A_2023/DP03A_20230912_085701_predeploy.JPG,3716,ATAPL-70111-00005,
RS03AXPD-DP03A-03-FLNTUA302,6,2020,IMG_4719.JPG,3468,ATAPL-70110-00003,
RS03AXPD-DP03A-03-FLNTUA302,8,2022,/Volumes/Data0/Archive/Cruise_data/RCA/Visions_23/ship/cruiseshare/For_Science/Mitch/Equipment_photos/LV03A/DP03A_2022/DP03A_20230912_155729_recovered.JPG,3098,ATAPL-70111-00001,
RS03AXPD-DP03A-03-FLNTUA302,9,2023,/Volumes/Data0/Archive/Cruise_data/RCA/Visions_23/ship/cruiseshare/For_Science/Mitch/Equipment_photos/LV03A/DP03A_2023/DP03A_20230912_085716_predeploy.JPG,3637,ATAPL-70110-00004,
RS03AXPD-DP03A-06-DOSTAD304,6,2020,"IMG_4711.JPG,IMG_4712.JPG",459,ATAPL-58320-00010,
RS03AXPD-DP03A-06-DOSTAD304,8,2022,/Volumes/Data0/Archive/Cruise_data/RCA/Visions_23/ship/cruiseshare/For_Science/Mitch/Equipment_photos/LV03A/DP03A_2022/DP03A_20230912_155714_recovered.JPG,458,ATAPL-58320-00009,
RS03AXPD-DP03A-06-DOSTAD304,9,2023,/Volumes/Data0/Archive/Cruise_data/RCA/Visions_23/ship/cruiseshare/For_Science/Mitch/Equipment_photos/LV03A/DP03A_2023/DP03A_20230912_085808_predeploy.JPG,,ATAPL-58320-00004,
RS03AXPS-PC03A-05-ADCPTD302,8,2022,/Volumes/Data0/Archive/Cruise_data/RCA/Visions_23/ship/cruiseshare/For_Science/Mitch/Equipment_photos/PC03A/PC03A_2022/ADCPTD302_2022/ADCPTD302_20230825_132805_recovered.JPG,18980,,
RS03AXPS-PC03A-05-ADCPTD302,9,2023,/Volumes/Data0/Archive/Cruise_data/RCA/Visions_23/ship/cruiseshare/For_Science/Mitch/Equipment_photos/PC03A/PC03A_2023/ADCPTD302_2023/ADCPTD302_20230824_170552_predeploy.JPG,18974,ATAPL-58315-00002,
RS03AXPS-PC03A-06-VADCPA301,6,2020,IMG_0020.JPG,19073,ATAPL-58345-00002,
RS03AXPS-PC03A-06-VADCPA301,8,2022,/Volumes/Data0/Archive/Cruise_data/RCA/Visions_23/ship/cruiseshare/For_Science/Mitch/Equipment_photos/PC03A/PC03A_2022/VADCPA301_2022/VADCPA301_20230825_132551_recovered.JPG,19075,ATAPL-58345-00003,
RS03AXPS-PC03A-06-VADCPA301,9,2023,/Volumes/Data0/Archive/Cruise_data/RCA/Visions_23/ship/cruiseshare/For_Science/Mitch/Equipment_photos/PC03A/PC03A_2023/VADCPA301_2023/VADCPA301_20230824_170358_predeploy.JPG,61247,ATAPL-58345-00001,
RS03AXPS-PC03A-06-VADCPB301,2,2025,Data0/Archive/Cruise_data/RCA/Visions_25/cruiseshare/Mitch/equipment_photos/PN3A/PC03A/PC03A_2025/VADCPA301_2025/VADCPA301_20250805_194202_predeploy.JPG,104546,ATAPL-78520-00002,
RS03AXPS-PC03A-07-CAMDSC302,8,2022,/Volumes/Data0/Archive/Cruise_data/RCA/Visions_23/ship/cruiseshare/For_Science/Mitch/Equipment_photos/PC03A/PC03A_2022/CAMDSC302_2022/CAMDSC302_20230825_131735_recovered.JPG,,ATAPL-78438-00001,
RS03AXPS-PC03A-07-CAMDSC302,9,2023,/Volumes/Data0/Archive/Cruise_data/RCA/Visions_23/ship/cruiseshare/For_Science/Mitch/Equipment_photos/PC03A/PC03A_2023/CAMDSC302_2023/CAMDSC302_20230824_170751_predeploy.JPG,18915/18918,ATAPL-78438-00005,
RS03AXPS-PC03A-08-HYDBBA303,8,2022,/Volumes/Data0/Archive/Cruise_data/RCA/Visions_23/ship/cruiseshare/For_Science/Mitch/Equipment_photos/PC03A/PC03A_2022/HYDBBA303_2022/HYDBBA303_20230825_135608_recovered.JPG,1272,,
RS03AXPS-PC03A-08-HYDBBA303,9,2023,/Volumes/Data0/Archive/Cruise_data/RCA/Visions_23/ship/cruiseshare/For_Science/Mitch/Equipment_photos/PC03A/PC03A_2023/HYDBBA303_2023/HYDBBA303_20230824_165252_predeploy.JPG,1362,,
RS03AXPS-PC03A-4A-CTDPFA303,6,2020,IMG_0021.JPG,7233,ATAPL-66662-00004,
RS03AXPS-PC03A-4A-CTDPFA303,8,2022,/Volumes/Data0/Archive/Cruise_data/RCA/Visions_23/ship/cruiseshare/For_Science/Mitch/Equipment_photos/PC03A/PC03A_2022/CTDPFA303_2022/CTDPFA303_20230825_132142_recovered.JPG,16P71179-7233,,
RS03AXPS-PC03A-4A-CTDPFA303,9,2023,/Volumes/Data0/Archive/Cruise_data/RCA/Visions_23/ship/cruiseshare/For_Science/Mitch/Equipment_photos/PC03A/PC03A_2023/CTDPFA303_2023/CTDPFA303_20230824_165659_predeploy.JPG,16-50123,,
RS03AXPS-PC03A-4A-DOSTAD303,6,2020,IMG_0021.JPG,344,ATAPL-58320-00002,
RS03AXPS-PC03A-4A-DOSTAD303,9,2023,/Volumes/Data0/Archive/Cruise_data/RCA/Visions_23/ship/cruiseshare/For_Science/Mitch/Equipment_photos/PC03A/PC03A_2023/DOSTAD303_2023/DOSTAD303_20230824_165735_predeploy.JPG,473,ATAPL-58320-00012,
RS03AXPS-PC03A-4A-DOSTAD303,11,2025,Data0/Archive/Cruise_data/RCA/Visions_25/cruiseshare/Mitch/equipment_photos/PN3A/PC03A/PC03A_2025/DOSTAD303_2025/DOSTAD303_20250805_193714_predeploy.JPG,473,ATAPL-58320-00011,repeat sn
RS03AXPS-PC03A-4B-PHSENA302,6,2020,IMG_0019.JPG,P0113,ATAPL-58337-00005,
RS03AXPS-PC03A-4B-PHSENA302,8,2022,/Volumes/Data0/Archive/Cruise_data/RCA/Visions_23/ship/cruiseshare/For_Science/Mitch/Equipment_photos/PC03A/PC03A_2022/PHSENA302_2022/PHSENA302_20230825_131910_recovered.JPG,P0110,ATAPL-58337-00004,
RS03AXPS-PC03A-4B-PHSENA302,9,2023,/Volumes/Data0/Archive/Cruise_data/RCA/Visions_23/ship/cruiseshare/For_Science/Mitch/Equipment_photos/PC03A/PC03A_2023/PHSENA302_2023/PHSENA302_20230824_165409_predeploy.JPG,P0059,ATAPL-58337-00001,
RS03AXPS-PC03A-4B-PHSENA302,11,2025,Data0/Archive/Cruise_data/RCA/Visions_25/cruiseshare/Mitch/equipment_photos/PN3A/PC03A/PC03A_2025/PHSENA302_2025/PHSENA302_20250805_193437_predeploy.JPG,P0059,ATAPL-58337-00001,
RS03AXPS-PC03A-4C-FLORDD303,6,2020,IMG_0020.JPG,1131,ATAPL-58322-00004,
RS03AXPS-PC03A-4C-FLORDD303,8,2022,/Volumes/Data0/Archive/Cruise_data/RCA/Visions_23/ship/cruiseshare/For_Science/Mitch/Equipment_photos/PC03A/PC03A_2022/FLORDD303_2022/FLORDD303_20230825_132422_recovered.JPG,1131,ATAPL-58322-00004,
RS03AXPS-PC03A-4C-FLORDD303,9,2023,/Volumes/Data0/Archive/Cruise_data/RCA/Visions_23/ship/cruiseshare/For_Science/Mitch/Equipment_photos/PC03A/PC03A_2023/FLORDD303_2023/FLORDD303_20230824_170252_predeploy.JPG,1294,ATAPL-58322-00012,
RS03AXPS-SF03A-2A-CTDPFA302,6,2020,IMG_1541.JPG,7232,ATAPL-66662-00003,
RS03AXPS-SF03A-2A-CTDPFA302,8,2022,smb://cruisevideo.ooirsn.uw.edu/Data0/Archive/Images/Equipment_Photos/VISIONS22/SF03A/SF03A_2022/CTDPFA302_2022/CTDPFA302_20220810_150117_predeploy.JPG,7232,,
RS03AXPS-SF03A-2A-CTDPFA302,9,2023,/Volumes/Data0/Archive/Cruise_data/RCA/Visions_23/ship/cruiseshare/For_Science/Mitch/Equipment_photos/SF03A/SF03A_2023/CTDPFA302_2023/CTDPFA302_20230824_164049_predeploy.JPG,16-50122,ATAPL-66662-00010,
RS03AXPS-SF03A-2A-CTDPFA302,10,2024,Data0/Archive/Images/Equipment_Photos/VISIONS24/SF03A/SF03A_2024/CTDPFA302_2024/CTDPFA302_20240811_113658_predeploy.JPG,7232,ATAPL-66662-00003,
RS03AXPS-SF03A-2A-DOFSTA302,8,2022,smb://cruisevideo.ooirsn.uw.edu/Data0/Archive/Images/Equipment_Photos/VISIONS22/SF03A/SF03A_2022/DOFSTA302_2022/DOFSTA302_20220810_150213_predeploy.JPG,43-2484,,
RS03AXPS-SF03A-2A-DOFSTA302,11,2025,Data0/Archive/Cruise_data/RCA/Visions_25/cruiseshare/Mitch/equipment_photos/PN3A/SF03A/SF03A_2025/DOFSTA302_2025/DOFSTA302_20250805_201336_predeploy.JPG,43-3164,ATAPL-58694-00006,
RS03AXPS-SF03A-2D-PHSENA301,6,2020,IMG_1543.JPG,P0112,ATAPL-58337-00002,
RS03AXPS-SF03A-2D-PHSENA301,8,2022,/Volumes/Data0/Archive/Cruise_data/RCA/Visions_23/ship/cruiseshare/For_Science/Mitch/Equipment_photos/SF03A/SF03A_2022/PHSENA301_2022/PHSENA301_20230825_091247_recovered.JPG,P0112,ATAPL-58337-00002,
RS03AXPS-SF03A-2D-PHSENA301,9,2023,/Volumes/Data0/Archive/Cruise_data/RCA/Visions_23/ship/cruiseshare/For_Science/Mitch/Equipment_photos/SF03A/SF03A_2023/PHSENA301_2023/PHSENA301_20230824_163952_predeploy.JPG,P0161,ATAPL-58337-00009,
RS03AXPS-SF03A-2D-PHSENA301,11,2025,Data0/Archive/Cruise_data/RCA/Visions_25/cruiseshare/Mitch/equipment_photos/PN3A/SF03A/SF03A_2025/PHSENA301_2025/PHSENA301_20250805_201023_predeploy.JPG,P0161,ATAPL-58337-00009,
RS03AXPS-SF03A-3A-FLORTD301,6,2020,IMG_1547.JPG,5967,ATAPL-58322-00014,
RS03AXPS-SF03A-3A-FLORTD301,8,2022,/Volumes/Data0/Archive/Cruise_data/RCA/Visions_23/ship/cruiseshare/For_Science/Mitch/Equipment_photos/SF03A/SF03A_2022/FLORTD301_2022/FLORTD301_20230825_091222_recovered.JPG,5967,ATAPL-58322-00014,
RS03AXPS-SF03A-3A-FLORTD301,9,2023,/Volumes/Data0/Archive/Cruise_data/RCA/Visions_23/ship/cruiseshare/For_Science/Mitch/Equipment_photos/SF03A/SF03A_2023/FLORTD301_2023/FLORTD301_20230824_163734_predeploy.JPG,1293,,
RS03AXPS-SF03A-3B-OPTAAD301,6,2020,IMG_1546.JPG,134,ATAPL-58332-00001,
RS03AXPS-SF03A-3B-OPTAAD301,8,2022,/Volumes/Data0/Archive/Cruise_data/RCA/Visions_23/ship/cruiseshare/For_Science/Mitch/Equipment_photos/SF03A/SF03A_2022/OPTAAD301_2022/OPTAAD301_20230825_090543_recovered.JPG,134,ATAPL-58332-00001,
RS03AXPS-SF03A-3B-OPTAAD301,9,2023,/Volumes/Data0/Archive/Cruise_data/RCA/Visions_23/ship/cruiseshare/For_Science/Mitch/Equipment_photos/SF03A/SF03A_2023/OPTAAD301_2023/OPTAAD301_20230824_163631_predeploy.JPG,251,,
RS03AXPS-SF03A-3C-PARADA301,9,2023,/Volumes/Data0/Archive/Cruise_data/RCA/Visions_23/ship/cruiseshare/For_Science/Mitch/Equipment_photos/SF03A/SF03A_2023/PARADA301_2023/PARADA301_20230825_144627_predeploy.JPG,1402,,
RS03AXPS-SF03A-3C-PARADA301,10,2024,Data0/Archive/Images/Equipment_Photos/VISIONS24/SF03A/SF03A_2024/PARADA301_2024/PARADA301_20240811_114118_predeploy.JPG,1405,2-00007,
RS03AXPS-SF03A-3C-PARADA301,11,2025,Data0/Archive/Cruise_data/RCA/Visions_25/cruiseshare/Mitch/equipment_photos/PN3A/SF03A/SF03A_2025/PARADA301_2025/PARADA301_20250805_201851_predeploy.JPG,1402,78452-00004,
RS03AXPS-SF03A-3D-SPKIRA301,6,2020,IMG_1548.JPG,244,ATAPL-58341-00002,
RS03AXPS-SF03A-3D-SPKIRA301,9,2023,/Volumes/Data0/Archive/Cruise_data/RCA/Visions_23/ship/cruiseshare/For_Science/Mitch/Equipment_photos/SF03A/SF03A_2023/SPKIRA301_2023/SPKIRA301_20230825_144004_predeploy.JPG,293,ATAPL-58341-00007,
RS03AXPS-SF03A-4A-NUTNRA301,6,2020,IMG_1544.JPG,379,ATAPL-68020-00002,
RS03AXPS-SF03A-4A-NUTNRA301,8,2022,/Volumes/Data0/Archive/Cruise_data/RCA/Visions_23/ship/cruiseshare/For_Science/Mitch/Equipment_photos/SF03A/SF03A_2022/NUTNRA301_2022/NUTNRA301_20230825_091448_recovered.JPG,379,ATAPL-68020-00002,
RS03AXPS-SF03A-4A-NUTNRA301,9,2023,/Volumes/Data0/Archive/Cruise_data/RCA/Visions_23/ship/cruiseshare/For_Science/Mitch/Equipment_photos/SF03A/SF03A_2023/NUTNRA301_2023/NUTNRA301_20230824_163122_predeploy.JPG,618,,
RS03AXPS-SF03A-4B-VELPTD302,6,2020,IMG_1544.JPG,6334,ATAPL-70114-00002,
RS03AXPS-SF03A-4B-VELPTD302,8,2022,/Volumes/Data0/Archive/Cruise_data/RCA/Visions_23/ship/cruiseshare/For_Science/Mitch/Equipment_photos/SF03A/SF03A_2022/VELPTD302_2022/VELPTD302_20230825_091505_recovered.JPG,6334,ATAPL-70114-00002,
RS03AXPS-SF03A-4B-VELPTD302,9,2023,/Volumes/Data0/Archive/Cruise_data/RCA/Visions_23/ship/cruiseshare/For_Science/Mitch/Equipment_photos/SF03A/SF03A_2023/VELPTD302_2023/VELPTD302_20230824_163202_predeploy.JPG,AQD-12469,ATAPL-70114-00007,
RS03AXPS-SF03A-4F-PCO2WA301,6,2020,IMG_1545.JPG,C0124,ATAPL-58336-00010,
RS03AXPS-SF03A-4F-PCO2WA301,8,2022,/Volumes/Data0/Archive/Cruise_data/RCA/Visions_23/ship/cruiseshare/For_Science/Mitch/Equipment_photos/SF03A/SF03A_2022/PCO2WA301_2022/PCO2WA301_20230825_091601_recovered.JPG,C0124,ATAPL-58336-00010,
RS03AXPS-SF03A-4F-PCO2WA301,9,2023,/Volumes/Data0/Archive/Cruise_data/RCA/Visions_23/ship/cruiseshare/For_Science/Mitch/Equipment_photos/SF03A/SF03A_2023/PCO2WA301_2023/PCO2WA301_20230824_163404_predeploy.JPG,C0075,ATAPL-58336-00002,
RS03AXPS-SF03A-4F-PCO2WA301,11,2025,Data0/Archive/Cruise_data/RCA/Visions_25/cruiseshare/Mitch/equipment_photos/PN3A/SF03A/SF03A_2025/PCO2WA301_2025/PCO2WA301_20250805_200422_predeploy.JPG,C0075,ATAPL-58336-00002,
RS03CCAL-MJ03F-12-CTDPFB305,4,2023,/Volumes/Data0/Archive/Cruise_data/RCA/Visions_23/ship/cruiseshare/For_Science/Mitch/Equipment_photos/MJ03F/CTDPFB305_2023/CTDPFB305_20230912_202134_predeploy.JPG,16-50327,ATCWK-67627-00011,
RS03CCAL-MJ03F-12-CTDPFB305,,2022,/Volumes/Data0/Archive/Cruise_data/RCA/Visions_23/ship/cruiseshare/For_Science/Mitch/Equipment_photos/MJ03B/CTDPFB304_2022/CTDPFB304_20230905_181527_recovered.JPG,2595170,,
RS03ECAL-MJ03E-12-CTDPFB306,3,2022,/Volumes/Data0/Archive/Cruise_data/RCA/Visions_23/ship/cruiseshare/For_Science/Mitch/Equipment_photos/MJ03E/CTDPFB306_2022/CTDPFB306_20230917_001823_recovered.JPG,16-50321,ATCWK-67627-00008,
RS03ECAL-MJ03E-12-CTDPFB306,4,2023,/Volumes/Data0/Archive/Cruise_data/RCA/Visions_23/ship/cruiseshare/For_Science/Mitch/Equipment_photos/MJ03E/CTDPFB306_2023/CTDPFB306_20230912_201857_predeploy.JPG,16-50326,ATCWK-67627-00010,
RS03INT1-MJ03C-05-CAMDSB303,6,2021,/Volumes/Data0/Archive/Cruise_data/RCA/Visions_23/ship/cruiseshare/For_Science/Mitch/Equipment_photos/MJ03C/CAMDSB303_2021/CAMDSB303_20230905_134705_recovered.JPG,,ATAPL-70101-00003,
RS03INT1-MJ03C-05-CAMDSB303,7,2023,/Volumes/Data0/Archive/Cruise_data/RCA/Visions_23/ship/cruiseshare/For_Science/Mitch/Equipment_photos/MJ03C/CAMDSB303_2023/CAMDSB303_20230904_152511_predeploy.JPG,301,ATAPL-70101-00022,
RS03INT1-MJ03C-05-CAMDSB303,10,2026,/Volumes/Data0/Archive/Images/Equipment_Photos/VISIONS26/PN3B/MJ03C/CAMDSB303/CAMDSB303_2026/CAMDSB303_20260814_094017_predeploy.JPG,19007,ATAPL-78437-00007,
RS03INT1-MJ03C-07-D1000A301,8,2022,/Volumes/Data0/Archive/Cruise_data/RCA/Visions_23/ship/cruiseshare/For_Science/Mitch/Equipment_photos/MJ03C/RASFLA301_2022/RASFLA301_20230905_000458_recovered.JPG,TABGB1052295,ATAPL-58340-00002,
RS03INT1-MJ03C-07-D1000A301,12,2026,,,ATAPL-58340-00001,
RS03INT1-MJ03C-07-PPSDNA301,8,2022,/Volumes/Data0/Archive/Cruise_data/RCA/Visions_23/ship/cruiseshare/For_Science/Mitch/Equipment_photos/MJ03C/PPSDNA301_2022/PPSDNA301_20230905_000134_recovered.JPG,,ATAPL-58338-00003,
RS03INT1-MJ03C-07-PPSDNA301,9,2023,/Volumes/Data0/Archive/Cruise_data/RCA/Visions_23/ship/cruiseshare/For_Science/Mitch/Equipment_photos/MJ03C/PPSDNA301_2023/PPSDNA301_20230904_120448_predeploy.JPG,,ATAPL-58338-00001,
RS03INT1-MJ03C-07-PPSDNA301,12,2026,smb://cruisevideo.ooirsn.uw.edu/Data0/Archive/Images/Equipment_Photos/VISIONS26/PN3B/MJ03C/PPSDNA301/PPSDNA301_2026/PPSDNA301_20260813_161836_predeploy.JPG,,ATAPL-58338-00003,
RS03INT1-MJ03C-07-RASFLA301,8,2022,/Volumes/Data0/Archive/Cruise_data/RCA/Visions_23/ship/cruiseshare/For_Science/Mitch/Equipment_photos/MJ03C/RASFLA301_2022/RASFLA301_20230905_000458_recovered.JPG,,ATAPL-58340-00002,
RS03INT1-MJ03C-07-RASFLA301,9,2023,/Volumes/Data0/Archive/Cruise_data/RCA/Visions_23/ship/cruiseshare/For_Science/Mitch/Equipment_photos/MJ03C/RASFLA301_2023/RASFLA301_20230904_120702_predeploy.JPG,12881-02,,
RS03INT1-MJ03C-07-RASFLA301,12,2026,smb://cruisevideo.ooirsn.uw.edu/Data0/Archive/Images/Equipment_Photos/VISIONS26/PN3B/MJ03C/RASFLA301/RASFLA301_2026/RASFLA301_20260813_161428_predeploy.JPG,,ATAPL-58340-00001,
RS03INT1-MJ03C-09-TRHPHA302,1,2023,/Volumes/Data0/Archive/Cruise_data/RCA/Visions_23/ship/cruiseshare/For_Science/Mitch/Equipment_photos/MJ03C/TRHPHA302_2023/TRHPHA302_20230904_152751_predeploy.JPG,2,,
RS03INT1-MJ03C-09-TRHPHA302,2,2026,TRHPH_20260814_183209_predeploy.JPG,4,,
,,,,,,
,,,,,,
,,,,,,