githubFile,Reviewers,DateReviewed,Status,HITLnotes
ATAPL-58320-00001__20121219.csv,"KB,WR",5/2/19,Clear,
ATAPL-58320-00001__20181111.csv,"KB,WR",5/30/19,Clear,
ATAPL-58320-00001__20201118.csv,"MV,WR",5/26/21,Clear,
ATAPL-58320-00002__20140508.csv,"KB,WR",5/2/19,Clear,
ATAPL-58320-00002__20160302.csv,"WR,RS",4/17/20,Clear,
ATAPL-58320-00002__20171023.csv,"KB,WR",5/2/19,Clear,
ATAPL-58320-00002__20191009.csv,"WR,KG",4/9/20,Clear,
ATAPL-58320-00002__20211026.csv,"MV,WR",7/15/22,Clear,
ATAPL-58320-00003__20160302.csv,"WR,RS",4/17/20,Clear,coefficients re-calculated by MIOs after erroneous vendor cals
ATAPL-58320-00003__20171023.csv,"KB,WR",5/2/19,Clear,
ATAPL-58320-00003__20191009.csv,"WR,KG",4/9/20,Clear,
ATAPL-58320-00003__20211026.csv,"MV,WR",7/15/22,Clear,
ATAPL-58320-00004__20160302.csv,"WR,RS",4/17/20,Clear,coefficients re-calculated by MIOs after erroneous vendor cals
ATAPL-58320-00004__20171023.csv,"KB,WR",5/2/19,Clear,
ATAPL-58320-00004__20191009.csv,"WR,KG",4/9/20,Clear,
ATAPL-58320-00004__20211026.csv,"MV,WR",7/15/22,Clear,
ATAPL-58320-00005__20160302.csv,"WR,RS",4/17/20,Clear,coefficients re-calculated by MIOs after erroneous vendor cals
ATAPL-58320-00005__20171023.csv,"KB,WR",5/2/19,Clear,
ATAPL-58320-00005__20191009.csv,"WR,KG",4/9/20,Clear,
ATAPL-58320-00005__20211026.csv,"MV,WR",7/15/22,Clear,
ATAPL-58320-00006__20160302.csv,"WR,RS",4/17/20,Clear,coefficients re-calculated by MIOs after erroneous vendor cals
ATAPL-58320-00006__20170302.csv,"KB,WR",5/2/19,Clear,
ATAPL-58320-00006__20180910.csv,"KB,WR",5/2/19,Clear,
ATAPL-58320-00006__20191009.csv,"WR,KG",4/9/20,Clear,
ATAPL-58320-00006__20210117.csv,"MV,WR",5/26/21,Clear,
ATAPL-58320-00009__20150318.csv,"KB,WR",5/2/19,Clear,
ATAPL-58320-00009__20170302.csv,"KB,WR",5/2/19,Clear,
ATAPL-58320-00009__20171023.csv,"KB,WR",5/2/19,Clear,
ATAPL-58320-00009__20191009.csv,"WR,KG",4/9/20,Clear,
ATAPL-58320-00009__20211026.csv,"MV,WR",7/15/22,Clear,
ATAPL-58320-00010__20150318.csv,"KB,WR",5/2/19,Clear,
ATAPL-58320-00010__20170301.csv,"KB,WR",5/2/19,Clear,
ATAPL-58320-00010__20191009.csv,"WR,KG",4/9/20,Clear,
ATAPL-58320-00010__20211026.csv,"MV,WR",7/15/22,Clear,
ATAPL-58320-00011__20150318.csv,"KB,WR",5/2/19,Clear,
ATAPL-58320-00011__20161027.csv,"KB,WR",5/2/19,Clear,
ATAPL-58320-00011__20170302.csv,"KB,WR",5/2/19,Clear,
ATAPL-58320-00011__20180910.csv,"KB,WR",5/2/19,Clear,
ATAPL-58320-00011__20201120.csv,"MV,WR",5/26/21,Clear,
ATAPL-58320-00012__20150318.csv,"KB,WR",5/2/19,Clear,
ATAPL-58320-00012__20161027.csv,"KB,WR",5/2/19,Clear,
ATAPL-58320-00012__20170302.csv,"KB,WR",5/2/19,Clear,
ATAPL-58320-00012__20180910.csv,"KB,WR",5/2/19,Clear,
ATAPL-58320-00012__20201120.csv,"MV,WR",5/26/21,Clear,
ATAPL-58320-00013__20150318.csv,"KB,WR",5/2/19,Clear,
ATAPL-58320-00013__20161027.csv,"KB,WR",5/2/19,Clear,
ATAPL-58320-00013__20170302.csv,"KB,WR",5/2/19,Clear,
ATAPL-58320-00013__20180910.csv,"KB,WR",5/2/19,Clear,
ATAPL-58320-00013__20201120.csv,"MV,WR",5/26/21,Clear,
ATAPL-58320-00014__20150318.csv,"KB,WR",5/2/19,Clear,
ATAPL-58320-00014__20161027.csv,"KB,WR",5/2/19,Clear,
ATAPL-58320-00014__20170302.csv,"KB,WR",5/2/19,Clear,
ATAPL-58320-00014__20180910.csv,"KB,WR",5/2/19,Clear,
ATAPL-58320-00014__20201120.csv,"MV,WR",5/26/21,Clear,
ATAPL-58320-00014__20211026.csv,"MV,WR",7/15/22,Clear,
ATAPL-58320-00015__20150318.csv,"KB,WR",5/2/19,Clear,
ATAPL-58320-00015__20170301.csv,"KB,WR",5/2/19,Clear,
ATAPL-58320-00015__20180910.csv,"KB,WR",5/2/19,Clear,
ATAPL-58320-00015__20201120.csv,"MV,WR",5/26/21,Clear,
ATAPL-58320-00015__20211026.csv,"MV,WR",7/15/22,Clear,
ATAPL-58320-00016__20150318.csv,"WR,RS",4/17/20,Clear,
ATAPL-58320-00016__20161027.csv,"KB,WR",5/2/19,Clear,
ATAPL-58320-00016__20170302.csv,"KB,WR",5/2/19,Clear,
ATAPL-58320-00016__20180910.csv,"KB,WR",5/2/19,Clear,
ATAPL-58320-00016__20201120.csv,"MV,WR",5/26/21,Clear,
ATAPL-58336-00001__20120702.csv,"KB,WR",4/30/19,Clear,
ATAPL-58336-00001__20170111.csv,"KB,WR",4/30/19,Clear,
ATAPL-58336-00001__20191230.csv,"WR,EH",4/9/20,Clear,
ATAPL-58336-00002__20131121.csv,"KB,WR",4/30/19,Clear,
ATAPL-58336-00002__20160513.csv,"KB,WR",4/30/19,Clear,
ATAPL-58336-00002__20171016.csv,"KB,WR",4/30/19,Clear,
ATAPL-58336-00002__20201006.csv,"MV,WR",5/26/21,Clear,
ATAPL-58336-00003__20131121.csv,"KB,WR",4/30/19,Clear,
ATAPL-58336-00003__20170111.csv,"KB,WR",4/30/19,Clear,
ATAPL-58336-00003__20170614.csv,"KB,WR",4/30/19,Clear,
ATAPL-58336-00003__20201006.csv,"MV,WR",5/26/21,Clear,
ATAPL-58336-00004__20140506.csv,"KB,WR",4/30/19,Clear,
ATAPL-58336-00004__20170117.csv,"KB,WR",4/30/19,Clear,
ATAPL-58336-00004__20180820.csv,"KB,WR",4/30/19,Clear,
ATAPL-58336-00004__20211123.csv,"MV,WR",7/15/22,Clear,
ATAPL-58336-00009__20150619.csv,"KB,WR",4/30/19,Clear,
ATAPL-58336-00009__20170117.csv,"KB,WR",4/30/19,Clear,
ATAPL-58336-00009__20180830.csv,"KB,WR",4/30/19,Clear,
ATAPL-58336-00009__20201006.csv,"MV,WR",5/26/21,Clear,
ATAPL-58336-00010__20150727.csv,"KB,WR",5/13/19,Clear,
ATAPL-58336-00010__20160415.csv,"KB,WR",4/30/19,Clear,
ATAPL-58336-00010__20171016.csv,"KB,WR",4/30/19,Clear,
ATAPL-58336-00010__20191230.csv,"WR,EH",4/9/20,Clear,
ATAPL-58336-00010__20211122.csv,"MV,WR",7/15/22,Clear,
ATAPL-58337-00001__20120702.csv,"KB,WR",4/30/19,Clear,
ATAPL-58337-00001__20131015.csv,"KB,WR",5/13/19,Clear,
ATAPL-58337-00001__20170203.csv,"KB,WR",4/30/19,Clear,
ATAPL-58337-00001__20180827.csv,"KB,WR",4/30/19,Clear,
ATAPL-58337-00001__20200909.csv,"MV,WR",5/26/21,Clear,
ATAPL-58337-00002__20131107.csv,"KB,WR",4/30/19,Clear,
ATAPL-58337-00002__20160405.csv,"KB,WR",4/30/19,Clear,
ATAPL-58337-00002__20191011.csv,"WR,EH",4/9/20,Clear,
ATAPL-58337-00002__20211027.csv,"MV,WR",7/15/22,Clear,
ATAPL-58337-00003__20131112.csv,"KB,WR",4/30/19,Clear,
ATAPL-58337-00003__20160506.csv,"KB,WR",4/30/19,Clear,
ATAPL-58337-00003__20170203.csv,"KB,WR",4/30/19,Clear,
ATAPL-58337-00003__20180904.csv,"KB,WR",4/30/19,Clear,
ATAPL-58337-00003__20200909.csv,"MV,WR",5/26/21,Clear,
ATAPL-58337-00004__20131113.csv,"KB,WR",4/30/19,Clear,
ATAPL-58337-00004__20160330.csv,"KB,WR",4/30/19,Clear,
ATAPL-58337-00004__20171027.csv,"KB,WR",4/30/19,Clear,
ATAPL-58337-00004__20191011.csv,"WR,EH",4/9/20,Clear,
ATAPL-58337-00004__20201123.csv,"MV,WR",5/26/21,Clear,
ATAPL-58337-00004__20211112.csv,"MV,WR",7/15/22,Clear,
ATAPL-58337-00005__20131119.csv,"KB,WR",4/30/19,Clear,
ATAPL-58337-00005__20160506.csv,"KB,WR",4/30/19,Clear,
ATAPL-58337-00005__20171027.csv,"KB,WR",4/30/19,Clear,
ATAPL-58337-00005__20191125.csv,"WR,EH",4/9/20,Clear,
ATAPL-58337-00005__20211112.csv,"MV,WR",7/15/22,Clear,
ATAPL-58337-00006__20140507.csv,"KB,WR",4/30/19,Clear,
ATAPL-58337-00006__20150507.csv,"KB,WR",4/30/19,Clear,
ATAPL-58337-00006__20170216.csv,"KB,WR",4/30/19,Clear,
ATAPL-58337-00006__20180827.csv,"KB,WR",4/30/19,Clear,
ATAPL-58337-00006__20200909.csv,"MV,WR",5/26/21,Clear,
ATAPL-58337-00009__20150514.csv,"KB,WR",4/30/19,Clear,
ATAPL-58337-00009__20170214.csv,"KB,WR",4/30/19,Clear,
ATAPL-58337-00009__20180827.csv,"KB,WR",4/30/19,Clear,
ATAPL-58337-00009__20200920.csv,"MV,WR",5/26/21,Clear,
ATAPL-58337-00010__20150514.csv,"KB,WR",4/30/19,Clear,
ATAPL-58337-00010__20170203.csv,"KB,WR",4/30/19,Clear,
ATAPL-58337-00010__20180827.csv,"KB,WR",4/30/19,Clear,
ATAPL-58337-00010__20200920.csv,"MV,WR",5/26/21,Clear,
ATAPL-58337-00013__20150730.csv,"KB,WR",5/13/19,Clear,
ATAPL-58337-00013__20160406.csv,"KB,WR",4/30/19,Clear,
ATAPL-58337-00013__20171003.csv,"KB,WR",4/30/19,Clear,
ATAPL-58337-00013__20191111.csv,"WR,EH",4/9/20,Clear,
ATAPL-58337-00013__20211021.csv,"MV,WR",7/15/22,Clear,
ATAPL-58337-00014__20150730.csv,"KB,WR",4/30/19,Clear,
ATAPL-58337-00014__20160406.csv,"KB,WR",4/30/19,Clear,
ATAPL-58337-00014__20171004.csv,"KB,WR",4/30/19,Clear,
ATAPL-58337-00014__20191104.csv,"WR,EH",4/9/20,Clear,
ATAPL-66645-00001__20110913.csv,"KB,WR",5/1/19,Clear,
ATAPL-66645-00002__20140128.csv,"KB,WR",5/1/19,Clear,
ATAPL-66645-00002__20160111.csv,"KB,WR",5/1/19,Clear,
ATAPL-66645-00002__20171206.csv,"KB,WR",5/1/19,Clear,
ATAPL-66645-00002__20191002.csv,"WR,KG",4/9/20,Clear,
ATAPL-66645-00003__20140128.csv,"KB,WR",5/1/19,Clear,
ATAPL-66645-00003__20160111.csv,"KB,WR",5/1/19,Clear,
ATAPL-66645-00003__20171130.csv,"KB,WR",5/1/19,Clear,Vendor reports this calibration supersedes a subsequent (20171206) erroneous calibration
ATAPL-66645-00003__20191002.csv,"WR,KG",4/9/20,Clear,
ATAPL-66645-00004__20140512.csv,"KB,WR",5/1/19,Clear,
ATAPL-66645-00004__20150424.csv,"KB,WR",5/1/19,Clear,
ATAPL-66645-00004__20170720.csv,"KB,WR",5/1/19,Clear,
ATAPL-66645-00004__20180829.csv,"KB,WR",5/1/19,Clear,
ATAPL-66645-00006__20150428.csv,"KB,WR",5/1/19,Clear,
ATAPL-66645-00006__20170720.csv,"KB,WR",5/1/19,Clear,
ATAPL-66645-00006__20180731.csv,"KB,WR",5/1/19,Clear,
ATAPL-66645-00007__20150428.csv,"KB,WR",5/1/19,Clear,
ATAPL-66645-00007__20170721.csv,"KB,WR",5/1/19,Clear,
ATAPL-66645-00007__20180829.csv,"KB,WR",5/1/19,Clear,
ATAPL-66662-00002__20160303.csv,"MV,WR",12/19/19,Clear,Added pressure offset for miscalibrated Sea-Bird Druck Pressure Sensors (Redmine #12180)
ATAPL-66662-00008__20150412.csv,"MV,WR",12/19/19,Clear,Added pressure offset for miscalibrated Sea-Bird Druck Pressure Sensors (Redmine #12180)
ATAPL-66662-00009__20150419.csv,"MV,WR",12/19/19,Clear,Added pressure offset for miscalibrated Sea-Bird Druck Pressure Sensors (Redmine #12180)
ATAPL-66662-00010__20150503.csv,"MV,WR",12/19/19,Clear,Added pressure offset for miscalibrated Sea-Bird Druck Pressure Sensors (Redmine #12180)
ATAPL-66662-00011__20150503.csv,"MV,WR",12/19/19,Clear,Added pressure offset for miscalibrated Sea-Bird Druck Pressure Sensors (Redmine #12180)
ATAPL-67627-00004__20150419.csv,"MV,WR",12/19/19,Clear,Added pressure offset for miscalibrated Sea-Bird Druck Pressure Sensors (Redmine #12180)
ATAPL-67627-00005__20150510.csv,"MV,WR",12/19/19,Clear,Added pressure offset for miscalibrated Sea-Bird Druck Pressure Sensors (Redmine #12180)
ATAPL-67627-00005__20170307.csv,"MV,WR",12/19/19,Clear,erroneous XMLCON file was sent by vendor; cals entered from PDF; vendor cannot locate correct XMLCON
ATAPL-68020-00001__20170202.csv,,,NotClear,should be 20170201??? sn234
ATAPL-68020-00002__20140927.csv,,,NotClear,different from 20131125...ship board cal? sn 379
ATAPL-68020-00003__20140929.csv,,,NotClear,different from 20131125...ship board cal? sn 380
ATAPL-68020-00004__20171211.csv,,,NotClear,different from 20141023... sn 429
ATAPL-68020-00006__20150707.csv,,,NotClear,should be 20170706??? sn 617
ATAPL-68020-00007__20150709.csv,,,NotClear,different from 20150709 sn 618
ATAPL-70110-00001__20130422.csv,,,Clear,uses 2014 scatter dark counts
ATAPL-70110-00002__20131205.csv,,,Clear,uses 2015 volume scatter calibration
ATAPL-70110-00003__20140129.csv,,,Clear,uses 2015 volume scatter calibration
ATAPL-78452-00001__20211022.csv,"MV,WR",7/15/22,Clear,
ATAPL-78452-00005__20211022.csv,"MV,WR",7/15/22,Clear,
ATAPL-78452-00006__20211025.csv,"MV,WR",7/15/22,Clear,
ATAPL-78452-00007__20211025.csv,"MV,WR",7/15/22,Clear,
ATOSU-58320-00007__20130629.csv,"KB,WR",5/2/19,Clear,
ATOSU-58320-00007__20160302.csv,"WR,RS",4/17/20,Clear,coefficients re-calculated by MIOs after erroneous vendor cals
ATOSU-58320-00007__20171023.csv,"KB,WR",5/2/19,Clear,
ATOSU-58320-00007__20191009.csv,"WR,KG",4/9/20,Clear,
ATOSU-58320-00007__20211026.csv,"MV,WR",7/15/22,Clear,
ATOSU-58320-00008__20130117.csv,"KB,WR",5/2/19,Clear,
ATOSU-58320-00008__20160302.csv,"WR,RS",4/17/20,Clear,coefficients re-calculated by MIOs after erroneous vendor cals
ATOSU-58320-00008__20171023.csv,"KB,WR",5/2/19,Clear,
ATOSU-58320-00008__20191009.csv,"WR,KG",4/9/20,Clear,
ATOSU-58320-00008__20211026.csv,"MV,WR",7/15/22,Clear,
ATOSU-58320-00017__20140112.csv,"KB,WR",5/2/19,Clear,
ATOSU-58320-00017__20161027.csv,"KB,WR",5/2/19,Clear,
ATOSU-58320-00017__20170302.csv,"KB,WR",5/2/19,Clear,
ATOSU-58320-00017__20180910.csv,"KB,WR",5/2/19,Clear,
ATOSU-58320-00017__20201120.csv,"MV,WR",5/26/21,Clear,
ATOSU-58320-00018__20140112.csv,"KB,WR",5/2/19,Clear,
ATOSU-58320-00018__20170125.csv,"KB,WR",5/2/19,Clear,
ATOSU-58320-00018__20180910.csv,"KB,WR",5/2/19,Clear,
ATOSU-58320-00018__20201120.csv,"MV,WR",5/26/21,Clear,
ATOSU-58320-00019__20140112.csv,"KB,WR",5/2/19,Clear,
ATOSU-58320-00019__20150519.csv,"KB,WR",5/2/19,NotClear,is 2015 using the correct foil coefficients...different than 2014?
ATOSU-58320-00019__20161123.csv,"KB,WR",5/2/19,Clear,
ATOSU-58320-00019__20181111.csv,"KB,WR",5/2/19,Clear,
ATOSU-58320-00019__20201120.csv,"MV,WR",5/26/21,Clear,
ATOSU-58320-00020__20130629.csv,"KB,WR",5/2/19,Clear,
ATOSU-58320-00020__20160302.csv,"WR,RS",4/17/20,Clear,coefficients re-calculated by MIOs after erroneous vendor cals
ATOSU-58320-00020__20171023.csv,"KB,WR",5/2/19,Clear,
ATOSU-58320-00020__20191009.csv,"WR,KG",4/9/20,Clear,
ATOSU-58320-00020__20211026.csv,"MV,WR",7/15/22,Clear,
ATOSU-58320-00021__20130117.csv,"KB,WR",5/2/19,Clear,
ATOSU-58320-00021__20160302.csv,"WR,RS",4/17/20,Clear,coefficients re-calculated by MIOs after erroneous vendor cals
ATOSU-58320-00021__20171023.csv,"KB,WR",5/2/19,Clear,
ATOSU-58320-00021__20191009.csv,"WR,KG",4/9/20,Clear,
ATOSU-58320-00021__20212026.csv,"MV,WR",7/15/22,Clear,
ATOSU-58320-00022__20140618.csv,"KB,WR",5/2/19,Clear,
ATOSU-58320-00022__20161027.csv,"KB,WR",5/2/19,Clear,
ATOSU-58320-00022__20170302.csv,"KB,WR",5/2/19,Clear,
ATOSU-58320-00022__20180910.csv,"KB,WR",5/2/19,Clear,
ATOSU-58320-00022__20201120.csv,"MV,WR",5/26/21,Clear,
ATOSU-58332-00008__20170510.csv,"KB,WR",4/30/19,NotClear,is this a duplicate file?
ATOSU-58332-00009__20140910.csv,"KB,WR",4/30/19,NotClear,seabird sent a file for 20140415?
ATOSU-58336-00005__20131218.csv,"KB,WR",4/30/19,Clear,
ATOSU-58336-00005__20160422.csv,"KB,WR",4/30/19,Clear,
ATOSU-58336-00005__20171006.csv,"KB,WR",4/30/19,Clear,
ATOSU-58336-00005__20201006.csv,"MV,WR",5/26/21,Clear,
ATOSU-58336-00006__20140121.csv,"KB,WR",4/30/19,Clear,
ATOSU-58336-00006__20160418.csv,"KB,WR",4/30/19,Clear,
ATOSU-58336-00006__20171006.csv,"KB,WR",4/30/19,Clear,
ATOSU-58336-00006__20200113.csv,"WR,EH",4/9/20,Clear,"check Serial Number (listed as ""SAMI""...should be SN79)"
ATOSU-58336-00006__20211122.csv,"MV,WR",7/15/22,Clear,
ATOSU-58336-00007__20150409.csv,"KB,WR",4/30/19,Clear,
ATOSU-58336-00007__20170117.csv,"KB,WR",4/30/19,Clear,
ATOSU-58336-00007__20180108.csv,"KB,WR",4/30/19,Clear,
ATOSU-58336-00007__20191230.csv,"WR,EH",4/9/20,Clear,
ATOSU-58336-00007__20211108.csv,"MV,WR",7/15/22,Clear,
ATOSU-58336-00008__20150409.csv,"KB,WR",4/30/19,Clear,
ATOSU-58336-00008__20170111.csv,"KB,WR",4/30/19,Clear,
ATOSU-58336-00008__20180912.csv,"KB,WR",4/30/19,Clear,
ATOSU-58336-00008__20190508.csv,"WR,EH",4/9/20,Clear,
ATOSU-58336-00008__20201117.csv,"MV,WR",5/26/21,Clear,
ATOSU-58336-00008__20211108.csv,"MV,WR",7/15/22,Clear,
ATOSU-58337-00007__20131218.csv,"KB,WR",4/30/19,Clear,
ATOSU-58337-00007__20160506.csv,"KB,WR",4/30/19,Clear,
ATOSU-58337-00007__20171004.csv,"KB,WR",4/30/19,Clear,
ATOSU-58337-00007__20191104.csv,"WR,EH",4/9/20,Clear,
ATOSU-58337-00007__20211020.csv,"MV,WR",7/15/22,Clear,
ATOSU-58337-00008__20140414.csv,"KB,WR",4/30/19,Clear,
ATOSU-58337-00008__20160506.csv,"KB,WR",4/30/19,Clear,
ATOSU-58337-00008__20171003.csv,"KB,WR",4/30/19,Clear,
ATOSU-58337-00008__20191111.csv,"WR,EH",4/9/20,Clear,
ATOSU-58337-00008__20211101.csv,"MV,WR",7/15/22,Clear,
ATOSU-58337-00011__20150317.csv,"KB,WR",4/30/19,Clear,
ATOSU-58337-00011__20170203.csv,"KB,WR",4/30/19,Clear,
ATOSU-58337-00011__20171211.csv,"KB,WR",4/30/19,Clear,
ATOSU-58337-00011__20200909.csv,"MV,WR",5/26/21,Clear,
ATOSU-58337-00012__20150318.csv,"KB,WR",4/30/19,Clear,
ATOSU-58337-00012__20170214.csv,"KB,WR",4/30/19,Clear,
ATOSU-58337-00012__20170504.csv,"KB,WR",4/30/19,Clear,
ATOSU-58337-00012__20191011.csv,"WR,EH",4/9/20,Clear,
ATOSU-58337-00012__20201103.csv,"MV,WR",5/26/21,Clear,
ATOSU-66645-00005__20131218.csv,"KB,WR",5/1/19,Clear,
ATOSU-66645-00005__20160111.csv,"KB,WR",5/1/19,Clear,
ATOSU-66645-00008__20150619.csv,"KB,WR",5/1/19,Clear,
ATOSU-66645-00008__20160111.csv,"KB,WR",5/1/19,Clear,
ATOSU-66645-00008__20171206.csv,"KB,WR",5/1/19,Clear,
ATOSU-66645-00008__20191002.csv,"WR,KG",4/9/20,Clear,
ATOSU-66662-00006__20160301.csv,"MV,WR",12/19/19,Clear,Added pressure offset for miscalibrated Sea-Bird Druck Pressure Sensors (Redmine #12180)
ATOSU-66662-00007__20160301.csv,"MV,WR",12/19/19,Clear,Added pressure offset for miscalibrated Sea-Bird Druck Pressure Sensors (Redmine #12180)
ATOSU-66662-00014__20150412.csv,"MV,WR",12/19/19,Clear,Added pressure offset for miscalibrated Sea-Bird Druck Pressure Sensors (Redmine #12180)
ATOSU-68020-00005__20140830.csv,,,NotClear,shipboard cal?? sn 344
ATOSU-68020-00005__20160719.csv,,,NotClear,should be 20160716? sn 344
ATOSU-68020-00005__20170908.csv,,,NotClear,should be 20170825? sn344
ATOSU-68020-00005__20180613.csv,,,NotClear,is this 20180621??? sn344
ATOSU-68020-00008__20150803.csv,,,NotClear,should be 20150802??? sn 625
ATOSU-69943-00011__20140815.csv,"KB,WR",4/30/19,NotClear,received two 2013 files from seabird; no 2014...neither tcal matches... not sure where numbers are coming from
ATOSU-70110-00007__20131205.csv,"KB,WR",4/30/19,Clear,uses 2015 volume scatter calibration
ATOSU-70570-00001__20130311.csv,"KB,WR",4/30/19,Clear,
ATOSU-70570-00001__20160513.csv,"KB,WR",4/30/19,Clear,
ATOSU-70570-00001__20180220.csv,"KB,WR",4/30/19,Clear,
ATOSU-70570-00001__20200108.csv,"WR,EH",4/9/20,Clear,
ATOSU-70570-00001__20211108.csv,"MV,WR",7/15/22,Clear,
ATOSU-70570-00002__20140121.csv,"KB,WR",4/30/19,Clear,
ATOSU-70570-00002__20160502.csv,"KB,WR",4/30/19,Clear,
ATOSU-70570-00002__20180326.csv,"KB,WR",4/30/19,Clear,
ATOSU-70570-00002__20200108.csv,"WR,EH",4/9/20,Clear,
ATOSU-70570-00002__20211108.csv,"MV,WR",7/15/22,Clear,
ATOSU-70570-00003__20140421.csv,"KB,WR",4/30/19,Clear,
ATOSU-70570-00003__20170117.csv,"KB,WR",4/30/19,Clear,
ATOSU-70570-00003__20170307.csv,"KB,WR",4/30/19,Clear,
ATOSU-70570-00003__20180830.csv,"KB,WR",4/30/19,Clear,
ATOSU-70570-00003__20190401.csv,"KB,WR",5/13/19,Clear,
ATOSU-70570-00003__20201117.csv,"MV,WR",5/26/21,Clear,
ATOSU-70570-00004__20150413.csv,"KB,WR",4/30/19,Clear,
ATOSU-70570-00004__20170111.csv,"KB,WR",4/30/19,Clear,
ATOSU-70570-00004__20180830.csv,"KB,WR",4/30/19,Clear,
ATOSU-70570-00004__20190401.csv,"KB,WR",5/13/19,Clear,
ATOSU-70570-00004__20201222.csv,"MV,WR",5/26/21,Clear,
ATOSU-70571-00001__20131218.csv,"KB,WR",4/30/19,Clear,
ATOSU-70571-00001__20160426.csv,"KB,WR",4/30/19,Clear,
ATOSU-70571-00001__20171128.csv,"KB,WR",4/30/19,Clear,
ATOSU-70571-00001__20191111.csv,"WR,EH",4/9/20,Clear,
ATOSU-70571-00001__20211027.csv,"MV,WR",7/15/22,Clear,
ATOSU-70571-00002__20140107.csv,"KB,WR",4/30/19,Clear,
ATOSU-70571-00002__20160426.csv,"KB,WR",4/30/19,Clear,
ATOSU-70571-00002__20171211.csv,"KB,WR",4/30/19,Clear,
ATOSU-70571-00002__20191125.csv,"WR,EH",4/9/20,Clear,
ATOSU-70571-00002__20211101.csv,"MV,WR",7/15/22,Clear,
ATOSU-70571-00003__20140415.csv,"KB,WR",4/30/19,Clear,
ATOSU-70571-00003__20170203.csv,"KB,WR",4/30/19,Clear,
ATOSU-70571-00003__20180827.csv,"KB,WR",4/30/19,Clear,
ATOSU-70571-00003__20201007.csv,"MV,WR",5/26/21,Clear,
ATOSU-70571-00004__20150511.csv,"KB,WR",4/30/19,Clear,
ATOSU-70571-00004__20170214.csv,"KB,WR",4/30/19,Clear,
ATOSU-70571-00004__20180906.csv,"KB,WR",4/30/19,Clear,
ATOSU-70571-00004__20201123.csv,"MV,WR",5/26/21,Clear,
ATAPL-58337-00001__20230707.csv,"MW,WR",8/3/23,Clear,
ATOSU-70571-00003__20230504.csv,"MW,WR",8/3/23,Clear,
ATAPL-58337-00003__20230526.csv,"MW,WR",8/3/23,Clear,
ATAPL-58337-00005__20230526.csv,"MW,WR",8/3/23,Clear,
ATAPL-58337-00009__20230707.csv,"MW,WR",8/3/23,Clear,
ATAPL-58337-00010__20230707.csv,"MW,WR",8/3/23,Clear,
ATAPL-58337-00014__20211101.csv,"MW,WR",8/3/23,Clear,
ATOSU-70570-00003__20230614.csv,"MW,WR",8/3/23,Clear,
ATAPL-58336-00002__20230516.csv,"MW,WR",8/3/23,Clear,
ATAPL-58336-00003__20230516.csv,"MW,WR",8/3/23,Clear,
ATAPL-58336-00009__20230614.csv,"MW,WR",8/3/23,Clear,
ATOSU-58336-00005__20230516.csv,"MW,WR",8/3/23,Clear,
ATOSU-58336-00007__20230614.csv,"MW,WR",8/3/23,Clear,
ATAPL-78452-00004__20221026.csv,"MW,WR",8/3/23,Clear,
ATAPL-78452-00006__20221026.csv,"MW,WR",8/3/23,Clear,
ATAPL-58320-00004__20221118.csv,"MW,WR",8/3/23,Clear,
ATAPL-58320-00006__20221118.csv,"MW,WR",8/3/23,Clear,
ATAPL-58320-00011__20221118.csv,"MW,WR",8/3/23,Clear,
ATAPL-58320-00012__20221118.csv,"MW,WR",8/3/23,Clear,
ATAPL-58320-00013__20221118.csv,"MW,WR",8/3/23,Clear,
ATAPL-58320-00015__20221118.csv,"MW,WR",8/3/23,Clear,
ATAPL-58320-00016__20221118.csv,"MW,WR",8/3/23,Clear,
ATOSU-58320-00018__20221118.csv,"MW,WR",8/3/23,Clear,
ATOSU-58320-00019__20221118.csv,"MW,WR",8/3/23,Clear,
ATOSU-58320-00022__20221118.csv,"MW,WR",8/3/23,Clear,
ATOSU-58337-00011__20230712.csv,"MW,WR",8/3/23,Clear,
ATAPL-58320-00001__20221118.csv,"MW,WR",8/3/23,Clear,
ATAPL-58320-00016__20230626.csv,"MW,WR",8/4/23,Clear,
ATOSU-58320-00017__20221118.csv,"MW,WR",8/4/23,Clear,
ATOSU-58320-00018__20230626.csv,"MW,WR",8/4/23,Clear,
ATAPL-78452-00001__20231103.csv,"JD,WR",7/1/24,Clear,
ATAPL-78452-00002__20231103.csv,"JD,WR",7/1/24,Clear,
ATAPL-78452-00003__20221026.csv,"JD,WR",7/1/24,Clear,
ATAPL-78452-00005__20231103.csv,"JD,WR",7/1/24,Clear,
ATAPL-78452-00007__20231103.csv,"JD,WR",7/1/24,Clear,
ATAPL-58320-00002__20231126.csv,"JD,WR",7/1/24,Clear,
ATAPL-58320-00003__20231129.csv,"JD,WR",7/1/24,Clear,
ATAPL-58320-00005__20231126.csv,"JD,WR",7/1/24,Clear,
ATAPL-58320-00009__20231126.csv,"JD,WR",7/1/24,Clear,
ATAPL-58320-00010__20231207.csv,"JD,WR",7/1/24,Clear,
ATAPL-58320-00014__20231207.csv,"JD,WR",7/1/24,Clear,
ATAPL-58320-00015__20231129.csv,"JD,WR",7/1/24,Clear,
ATOSU-58320-00007__20231129.csv,"JD,WR",7/1/24,Clear,
ATOSU-58320-00008__20231129.csv,"JD,WR",7/1/24,Clear,
ATOSU-58320-00020__20231129.csv,"JD,WR",7/1/24,Clear,
ATOSU-58320-00021__20231126.csv,"JD,WR",7/1/24,Clear,
ATAPL-58337-00002__20231205.csv,"JD,WR",7/1/24,Clear,
ATAPL-58337-00004__20231102.csv,"JD,WR",7/1/24,Clear,
ATAPL-58337-00006__20231120.csv,"JD,WR",7/1/24,Clear,
ATAPL-58337-00013__20231122.csv,"JD,WR",7/1/24,Clear,
ATAPL-58337-00014__20240130.csv,"JD,WR",7/1/24,Clear,
ATOSU-58337-00007__20231120.csv,"JD,WR",7/1/24,Clear,
ATOSU-58337-00008__20230721.csv,"JD,WR",7/1/24,Clear,
ATOSU-58337-00012__20220629.csv,"JD,WR",7/1/24,Clear,
ATOSU-58337-00012__20231205.csv,"JD,WR",7/1/24,Clear,
ATOSU-70571-00004__20230802.csv,"JD,WR",7/1/24,Clear,
ATOSU-70571-00002__20240402.csv,"JD,WR",7/1/24,Clear,
ATOSU-70571-00001__20240402.csv,"JD,WR",7/1/24,Clear,
ATOSU-58336-00008__20231204.csv,"JD,WR",7/1/24,Clear,
ATAPL-58336-00010__20231204.csv,"JD,WR",7/1/24,Clear,
ATOSU-58336-00006__20231211.csv,"JD,WR",7/1/24,Clear,
ATAPL-58336-00004__20231204.csv,"JD,WR",7/1/24,Clear,
ATAPL-58336-00001__20231204.csv,"JD,WR",7/1/24,Clear,
ATOSU-70570-00004__20230816.csv,"JD,WR",7/1/24,Clear,
ATOSU-70570-00001__20240213.csv,"JD,WR",7/1/24,Clear,
ATOSU-70570-00002__20240213.csv,"JD,WR",7/1/24,Clear,
ATAPL-70110-00004__20221028.csv,"JD,WR",7/1/24,Clear,values manually added from seabird correction matrix
ATAPL-70110-00002__20221028.csv,"JD,WR",7/1/24,Clear,values manually added from seabird correction matrix
ATAPL-58322-00001__20121213.csv,WR,9/17/26,Clear,Original scale factor (0.0909) corrected by Sea-Bird with the new value of 0.15179 = 0.0909 * 5.62 * 0.29713
ATAPL-58322-00001__20170217.csv,WR,9/17/26,Clear,Original scale factor (0.0637) corrected by Sea-Bird with the new value of 0.10253 = 0.0637 * 5.62 * 0.28639
ATAPL-58322-00001__20171127.csv,WR,9/17/26,Clear,Original scale factor (0.0645) corrected by Sea-Bird with the new value of 0.10381 = 0.0645 * 5.62 * 0.28639
ATAPL-58322-00001__20190906.csv,WR,9/17/26,Clear,Original scale factor (0.0607) corrected by Sea-Bird with the new value of 0.15206 = 0.0607 * 5.62 * 0.44575
ATAPL-58322-00001__20201007.csv,WR,9/17/26,Clear,Original scale factor (0.0613) corrected by Sea-Bird with the new value of 0.26121 = 0.0613 * 5.62 * 0.75821
ATAPL-58322-00001__20221028.csv,WR,9/17/26,Clear,Original scale factor (0.08689) corrected by Sea-Bird with the new value of 0.37025 = 0.08689 * 5.62 * 0.75821
ATAPL-58322-00002__20131022.csv,WR,9/17/26,Clear,Original scale factor (0.0904) corrected by Sea-Bird with the new value of 0.15096 = 0.0904 * 5.62 * 0.29713
ATAPL-58322-00002__20160116.csv,WR,9/17/26,Clear,Original scale factor (0.0786) corrected by Sea-Bird with the new value of 0.12651 = 0.0786 * 5.62 * 0.28639
ATAPL-58322-00002__20171107.csv,WR,9/17/26,Clear,Original scale factor (0.0649) corrected by Sea-Bird with the new value of 0.10446 = 0.0649 * 5.62 * 0.28639
ATAPL-58322-00002__20201007.csv,WR,9/17/26,Clear,Original scale factor (0.0891) corrected by Sea-Bird with the new value of 0.37967 = 0.0891 * 5.62 * 0.75821
ATAPL-58322-00002__20221028.csv,WR,9/17/26,Clear,Original scale factor (0.09624) corrected by Sea-Bird with the new value of 0.41009 = 0.09624 * 5.62 * 0.75821
ATAPL-58322-00003__20131022.csv,WR,9/17/26,Clear,Original scale factor (0.0913) corrected by Sea-Bird with the new value of 0.15246 = 0.0913 * 5.62 * 0.29713
ATAPL-58322-00003__20160112.csv,WR,9/17/26,Clear,Original scale factor (0.0724) corrected by Sea-Bird with the new value of 0.11653 = 0.0724 * 5.62 * 0.28639
ATAPL-58322-00003__20171103.csv,WR,9/17/26,Clear,Original scale factor (0.0626) corrected by Sea-Bird with the new value of 0.10076 = 0.0626 * 5.62 * 0.28639
ATAPL-58322-00003__20190906.csv,WR,9/17/26,Clear,Original scale factor (0.0722) corrected by Sea-Bird with the new value of 0.18087 = 0.0722 * 5.62 * 0.44575
ATAPL-58322-00003__20211013.csv,WR,9/17/26,Clear,Original scale factor (0.0929) corrected by Sea-Bird with the new value of 0.39586 = 0.0929 * 5.62 * 0.75821
ATAPL-58322-00004__20131025.csv,WR,9/17/26,Clear,Original scale factor (0.0903) corrected by Sea-Bird with the new value of 0.15079 = 0.0903 * 5.62 * 0.29713
ATAPL-58322-00004__20160114.csv,WR,9/17/26,Clear,Original scale factor (0.0711) corrected by Sea-Bird with the new value of 0.11444 = 0.0711 * 5.62 * 0.28639
ATAPL-58322-00004__20171108.csv,WR,9/17/26,Clear,Original scale factor (0.0653) corrected by Sea-Bird with the new value of 0.1051 = 0.0653 * 5.62 * 0.28639
ATAPL-58322-00004__20190911.csv,WR,9/17/26,Clear,Original scale factor (0.0648) corrected by Sea-Bird with the new value of 0.16233 = 0.0648 * 5.62 * 0.44575
ATAPL-58322-00004__20211027.csv,WR,9/17/26,Clear,Original scale factor (0.0906) corrected by Sea-Bird with the new value of 0.38606 = 0.0906 * 5.62 * 0.75821
ATAPL-58322-00005__20131023.csv,WR,9/17/26,Clear,Original scale factor (0.0908) corrected by Sea-Bird with the new value of 0.15162 = 0.0908 * 5.62 * 0.29713
ATAPL-58322-00005__20160113.csv,WR,9/17/26,Clear,Original scale factor (0.0677) corrected by Sea-Bird with the new value of 0.10896 = 0.0677 * 5.62 * 0.28639
ATAPL-58322-00005__20171130.csv,WR,9/17/26,Clear,Original scale factor (0.067) corrected by Sea-Bird with the new value of 0.10784 = 0.067 * 5.62 * 0.28639
ATAPL-58322-00005__20190906.csv,WR,9/17/26,Clear,Original scale factor (0.0723) corrected by Sea-Bird with the new value of 0.18112 = 0.0723 * 5.62 * 0.44575
ATAPL-58322-00005__20211012.csv,WR,9/17/26,Clear,Original scale factor (0.0911) corrected by Sea-Bird with the new value of 0.38819 = 0.0911 * 5.62 * 0.75821
ATAPL-58322-00006__20140423.csv,WR,9/17/26,Clear,Original scale factor (0.0905) corrected by Sea-Bird with the new value of 0.11276 = 0.0905 * 5.62 * 0.22169
ATAPL-58322-00006__20160422.csv,WR,9/17/26,Clear,Original scale factor (0.0817) corrected by Sea-Bird with the new value of 0.1315 = 0.0817 * 5.62 * 0.28639
ATAPL-58322-00006__20170126.csv,WR,9/17/26,Clear,Original scale factor (0.0889) corrected by Sea-Bird with the new value of 0.14309 = 0.0889 * 5.62 * 0.28639
ATAPL-58322-00006__20171128.csv,WR,9/17/26,Clear,Original scale factor (0.0885) corrected by Sea-Bird with the new value of 0.14244 = 0.0885 * 5.62 * 0.28639
ATAPL-58322-00006__20190918.csv,WR,9/17/26,Clear,Original scale factor (0.0779) corrected by Sea-Bird with the new value of 0.19515 = 0.0779 * 5.62 * 0.44575
ATAPL-58322-00006__20201013.csv,WR,9/17/26,Clear,Original scale factor (0.0949) corrected by Sea-Bird with the new value of 0.40438 = 0.0949 * 5.62 * 0.75821
ATAPL-58322-00007__20140423.csv,WR,9/17/26,Clear,Original scale factor (0.0905) corrected by Sea-Bird with the new value of 0.11276 = 0.0905 * 5.62 * 0.22169
ATAPL-58322-00007__20160422.csv,WR,9/17/26,Clear,Original scale factor (0.084) corrected by Sea-Bird with the new value of 0.1352 = 0.084 * 5.62 * 0.28639
ATAPL-58322-00007__20170116.csv,WR,9/17/26,Clear,Original scale factor (0.0856) corrected by Sea-Bird with the new value of 0.13778 = 0.0856 * 5.62 * 0.28639
ATAPL-58322-00007__20171129.csv,WR,9/17/26,Clear,Original scale factor (0.0867) corrected by Sea-Bird with the new value of 0.13955 = 0.0867 * 5.62 * 0.28639
ATAPL-58322-00007__20190906.csv,WR,9/17/26,Clear,Original scale factor (0.0661) corrected by Sea-Bird with the new value of 0.16559 = 0.0661 * 5.62 * 0.44575
ATAPL-58322-00007__20201008.csv,WR,9/17/26,Clear,Original scale factor (0.0921) corrected by Sea-Bird with the new value of 0.39245 = 0.0921 * 5.62 * 0.75821
ATAPL-58322-00007__20221028.csv,WR,9/17/26,Clear,Original scale factor (0.09015) corrected by Sea-Bird with the new value of 0.38414 = 0.09015 * 5.62 * 0.75821
ATAPL-58322-00009__20150416.csv,WR,9/17/26,Clear,Original scale factor (0.0906) corrected by Sea-Bird with the new value of 0.11288 = 0.0906 * 5.62 * 0.22169
ATAPL-58322-00009__20170224.csv,WR,9/17/26,Clear,Original scale factor (0.0843) corrected by Sea-Bird with the new value of 0.13568 = 0.0843 * 5.62 * 0.28639
ATAPL-58322-00009__20180924.csv,WR,9/17/26,Clear,Original scale factor (0.0728) corrected by Sea-Bird with the new value of 0.11717 = 0.0728 * 5.62 * 0.28639
ATAPL-58322-00009__20201005.csv,WR,9/17/26,Clear,Original scale factor (0.0896) corrected by Sea-Bird with the new value of 0.3818 = 0.0896 * 5.62 * 0.75821
ATAPL-58322-00010__20150409.csv,WR,9/17/26,Clear,Original scale factor (0.0906) corrected by Sea-Bird with the new value of 0.11288 = 0.0906 * 5.62 * 0.22169
ATAPL-58322-00010__20170217.csv,WR,9/17/26,Clear,Original scale factor (0.0808) corrected by Sea-Bird with the new value of 0.13005 = 0.0808 * 5.62 * 0.28639
ATAPL-58322-00010__20180924.csv,WR,9/17/26,Clear,Original scale factor (0.068) corrected by Sea-Bird with the new value of 0.10945 = 0.068 * 5.62 * 0.28639
ATAPL-58322-00010__20201012.csv,WR,9/17/26,Clear,Original scale factor (0.0921) corrected by Sea-Bird with the new value of 0.39245 = 0.0921 * 5.62 * 0.75821
ATAPL-58322-00010__20221028.csv,WR,9/17/26,Clear,Original scale factor (0.1075) corrected by Sea-Bird with the new value of 0.45807 = 0.1075 * 5.62 * 0.75821
ATAPL-58322-00011__20150416.csv,WR,9/17/26,Clear,Original scale factor (0.0909) corrected by Sea-Bird with the new value of 0.11325 = 0.0909 * 5.62 * 0.22169
ATAPL-58322-00011__20170224.csv,WR,9/17/26,Clear,Original scale factor (0.0788) corrected by Sea-Bird with the new value of 0.12683 = 0.0788 * 5.62 * 0.28639
ATAPL-58322-00011__20180926.csv,WR,9/17/26,Clear,Original scale factor (0.0655) corrected by Sea-Bird with the new value of 0.10542 = 0.0655 * 5.62 * 0.28639
ATAPL-58322-00012__20150429.csv,WR,9/17/26,Clear,Original scale factor (0.0904) corrected by Sea-Bird with the new value of 0.11263 = 0.0904 * 5.62 * 0.22169
ATAPL-58322-00012__20170224.csv,WR,9/17/26,Clear,Original scale factor (0.0759) corrected by Sea-Bird with the new value of 0.12216 = 0.0759 * 5.62 * 0.28639
ATAPL-58322-00012__20180924.csv,WR,9/17/26,Clear,Original scale factor (0.0669) corrected by Sea-Bird with the new value of 0.10768 = 0.0669 * 5.62 * 0.28639
ATAPL-58322-00012__20201007.csv,WR,9/17/26,Clear,Original scale factor (0.0894) corrected by Sea-Bird with the new value of 0.38095 = 0.0894 * 5.62 * 0.75821
ATAPL-58322-00012__20221028.csv,WR,9/17/26,Clear,Original scale factor (0.09048) corrected by Sea-Bird with the new value of 0.38555 = 0.09048 * 5.62 * 0.75821
ATAPL-58322-00014__20191118.csv,WR,9/17/26,Clear,Original scale factor (0.0906) corrected by Sea-Bird with the new value of 0.22697 = 0.0906 * 5.62 * 0.44575
ATAPL-58322-00014__20211115.csv,WR,9/17/26,Clear,Original scale factor (0.0908) corrected by Sea-Bird with the new value of 0.38691 = 0.0908 * 5.62 * 0.75821
ATOSU-58322-00008__20140130.csv,WR,9/17/26,Clear,Original scale factor (0.0902) corrected by Sea-Bird with the new value of 0.15062 = 0.0902 * 5.62 * 0.29713
ATOSU-58322-00008__20160114.csv,WR,9/17/26,Clear,Original scale factor (0.0791) corrected by Sea-Bird with the new value of 0.12731 = 0.0791 * 5.62 * 0.28639
ATOSU-58322-00008__20171201.csv,WR,9/17/26,Clear,Original scale factor (0.0732) corrected by Sea-Bird with the new value of 0.11782 = 0.0732 * 5.62 * 0.28639
ATOSU-58322-00008__20190905.csv,WR,9/17/26,Clear,Original scale factor (0.0906) corrected by Sea-Bird with the new value of 0.22697 = 0.0906 * 5.62 * 0.44575
ATOSU-58322-00008__20211001.csv,WR,9/17/26,Clear,Original scale factor (0.0722) corrected by Sea-Bird with the new value of 0.30766 = 0.0722 * 5.62 * 0.75821
ATOSU-58322-00008__20221028.csv,WR,9/17/26,Clear,Original scale factor (0.09065) corrected by Sea-Bird with the new value of 0.38627 = 0.09065 * 5.62 * 0.75821
ATOSU-58322-00013__20150528.csv,WR,9/17/26,Clear,Original scale factor (0.0905) corrected by Sea-Bird with the new value of 0.11276 = 0.0905 * 5.62 * 0.22169
ATOSU-58322-00013__20181008.csv,WR,9/17/26,Clear,Original scale factor (0.0746) corrected by Sea-Bird with the new value of 0.12007 = 0.0746 * 5.62 * 0.28639
ATOSU-58322-00013__20201012.csv,WR,9/17/26,Clear,Original scale factor (0.0964) corrected by Sea-Bird with the new value of 0.41078 = 0.0964 * 5.62 * 0.75821
ATOSU-58322-00013__20221028.csv,WR,9/17/26,Clear,Original scale factor (0.09395) corrected by Sea-Bird with the new value of 0.40034 = 0.09395 * 5.62 * 0.75821
